# id x y z
8812
0 5.87782 1 -1
1 5.87782 -1 -1
2 5.87782 1 1
3 5.87782 -1 1
4 -5.87782 1 -1
5 -5.87782 -1 -1
6 -5.87782 1 1
7 -5.87782 -1 1
8 -5.87782 -1 -0.818182
9 -5.87782 -1 -0.636364
10 -5.87782 -1 -0.454545
11 -5.87782 -1 -0.272727
12 -5.87782 -1 -0.090909
13 -5.87782 -1 0.090909
14 -5.87782 -1 0.272727
15 -5.87782 -1 0.454545
16 -5.87782 -1 0.636364
17 -5.87782 -1 0.818182
18 4.80912 -1 -1
19 3.74043 -1 -1
20 2.67174 -1 -1
21 1.60304 -1 -1
22 0.534347 -1 -1
23 -0.534347 -1 -1
24 -1.60304 -1 -1
25 -2.67174 -1 -1
26 -3.74043 -1 -1
27 -4.80912 -1 -1
28 5.87782 0.818182 -1
29 5.87782 0.636364 -1
30 5.87782 0.454545 -1
31 5.87782 0.272727 -1
32 5.87782 0.090909 -1
33 5.87782 -0.090909 -1
34 5.87782 -0.272727 -1
35 5.87782 -0.454545 -1
36 5.87782 -0.636364 -1
37 -5.87782 -0.636364 1
38 -5.87782 -0.454545 1
39 -5.87782 -0.272727 1
40 -5.87782 -0.090909 1
41 -5.87782 0.090909 1
42 -5.87782 0.272727 1
43 -5.87782 0.454545 1
44 -5.87782 0.636364 1
45 -5.87782 0.818182 1
46 5.87782 0.636364 1
47 5.87782 0.454545 1
48 5.87782 0.272727 1
49 5.87782 0.090909 1
50 5.87782 -0.090909 1
51 5.87782 -0.272727 1
52 5.87782 -0.454545 1
53 5.87782 -0.636364 1
54 5.87782 -0.818182 1
55 -5.87782 0.636364 -1
56 -5.87782 0.454545 -1
57 -5.87782 0.272727 -1
58 -5.87782 0.090909 -1
59 -5.87782 -0.090909 -1
60 -5.87782 -0.272727 -1
61 -5.87782 -0.454545 -1
62 -5.87782 -0.636364 -1
63 -5.87782 -0.818182 -1
64 4.80912 1 1
65 3.74043 1 1
66 2.67174 1 1
67 1.60304 1 1
68 0.534347 1 1
69 -0.534347 1 1
70 -1.60304 1 1
71 -2.67174 1 1
72 -3.74043 1 1
73 -4.80912 1 1
74 5.87782 1 -0.818182
75 5.87782 1 -0.636364
76 5.87782 1 -0.454545
77 5.87782 1 -0.272727
78 5.87782 1 -0.090909
79 5.87782 1 0.090909
80 5.87782 1 0.272727
81 5.87782 1 0.454545
82 5.87782 1 0.636364
83 5.87782 1 0.818182
84 -4.67554 -1 1
85 -3.60684 -1 1
86 -2.53815 -1 1
87 -1.46945 -1 1
88 -0.40076 -1 1
89 0.667934 -1 1
90 1.73663 -1 1
91 2.80532 -1 1
92 3.87402 -1 1
93 4.80912 -1 1
94 -5.87782 1 0.818182
95 -5.87782 1 0.636364
96 -5.87782 1 0.454545
97 -5.87782 1 0.272727
98 -5.87782 1 0.090909
99 -5.87782 1 -0.090909
100 -5.87782 1 -0.272727
101 -5.87782 1 -0.454545
102 -5.87782 1 -0.636364
103 -5.87782 1 -0.772728
104 -4.80912 1 -1
105 -3.74043 1 -1
106 -2.67174 1 -1
107 -1.60304 1 -1
108 -0.534347 1 -1
109 0.534347 1 -1
110 1.60304 1 -1
111 2.67174 1 -1
112 3.74043 1 -1
113 4.80912 1 -1
114 5.87782 -1 0.818182
115 5.87782 -1 0.636364
116 5.87782 -1 0.454545
117 5.87782 -1 0.272727
118 5.87782 -1 0.090909
119 5.87782 -1 -0.090909
120 5.87782 -1 -0.272727
121 5.87782 -1 -0.454545
122 5.87782 -1 -0.636364
123 4.61346 1 0.839054
124 3.52376 1 0.671646
125 2.45457 1 0.484662
126 1.38588 1 0.302844
127 0.317185 1 0.121026
128 -0.751509 1 -0.0607918
129 -1.8202 1 -0.24261
130 -2.8889 1 -0.424428
131 -3.95852 1 -0.60467
132 -5.03876 1 -0.878749
133 -4.80861 -0.819763 1
134 -3.74036 -0.637235 1
135 -2.67166 -0.455417 1
136 -1.60297 -0.273599 1
137 -0.534272 -0.0917806 1
138 0.534422 0.0900374 1
139 1.60312 0.271855 1
140 2.67181 0.453674 1
141 3.74051 0.635536 1
142 4.80908 0.812246 1
143 -5.87782 -0.818182 -0.818182
144 -5.87782 -0.636364 -0.636364
145 -5.87782 -0.454545 -0.454545
146 -5.87782 -0.272727 -0.272727
147 -5.87782 -0.090909 -0.090909
148 -5.87782 0.090909 0.090909
149 -5.87782 0.272727 0.272727
150 -5.87782 0.454545 0.454545
151 -5.87782 0.636364 0.636364
152 -5.87782 0.818182 0.818182
153 -4.61682 -1 0.877106
154 -3.52327 -1 0.666474
155 -2.45457 -1 0.484662
156 -1.38588 -1 0.302844
157 -0.317185 -1 0.121026
158 0.751509 -1 -0.0607918
159 1.8202 -1 -0.24261
160 2.8889 -1 -0.424428
161 3.95852 -1 -0.60467
162 5.03876 -1 -0.878749
163 5.87782 -0.818182 0.818182
164 5.87782 -0.636364 0.636364
165 5.87782 -0.454545 0.454545
166 5.87782 -0.272727 0.272727
167 5.87782 -0.090909 0.090909
168 5.87782 0.090909 -0.090909
169 5.87782 0.272727 -0.272727
170 5.87782 0.454545 -0.454545
171 5.87782 0.636364 -0.636364
172 5.87782 0.818182 -0.818182
173 4.80905 -0.819217 -1
174 3.74036 -0.637236 -1
175 2.67166 -0.455417 -1
176 1.60297 -0.273599 -1
177 0.534272 -0.0917806 -1
178 -0.534422 0.0900374 -1
179 -1.60312 0.271855 -1
180 -2.67181 0.453674 -1
181 -3.74051 0.635536 -1
182 -4.80926 0.818997 -1
183 4.8092 -0.631014 -1
184 3.74051 -0.449196 -1
185 4.8092 -0.454474 -1
186 2.67181 -0.267377 -1
187 3.74051 -0.272656 -1
188 4.80912 -0.271868 -1
189 1.60312 -0.0855595 -1
190 2.67181 -0.0908378 -1
191 3.74043 -0.0900501 -1
192 4.80912 -0.0900501 -1
193 0.534422 0.0962585 -1
194 1.60312 0.0909802 -1
195 2.67174 0.0917679 -1
196 3.74043 0.0917679 -1
197 4.80912 0.0917679 -1
198 -0.534272 0.278077 -1
199 0.534422 0.272798 -1
200 1.60304 0.273586 -1
201 2.67174 0.273586 -1
202 3.74043 0.273586 -1
203 4.80912 0.273586 -1
204 -1.60297 0.459895 -1
205 -0.534272 0.454616 -1
206 0.534347 0.455404 -1
207 1.60304 0.455404 -1
208 2.67174 0.455404 -1
209 3.74043 0.455404 -1
210 4.80912 0.455404 -1
211 -2.67166 0.641714 -1
212 -1.60297 0.636435 -1
213 -0.534347 0.637223 -1
214 0.534347 0.637223 -1
215 1.60304 0.637223 -1
216 2.67174 0.637223 -1
217 3.74043 0.637223 -1
218 4.80922 0.637361 -1
219 -3.73384 0.865722 -1
220 -2.67166 0.818447 -1
221 -1.60304 0.819235 -1
222 -0.534347 0.819235 -1
223 0.534347 0.819235 -1
224 1.60304 0.819235 -1
225 2.67174 0.819235 -1
226 3.74043 0.819235 -1
227 4.80392 0.820377 -1
228 5.87782 -0.636364 0.818182
229 5.87782 -0.454545 0.636364
230 5.87782 -0.454545 0.818182
231 5.87782 -0.272727 0.454545
232 5.87782 -0.272727 0.636364
233 5.87782 -0.272727 0.818182
234 5.87782 -0.090909 0.272727
235 5.87782 -0.090909 0.454545
236 5.87782 -0.090909 0.636364
237 5.87782 -0.090909 0.818182
238 5.87782 0.090909 0.090909
239 5.87782 0.090909 0.272727
240 5.87782 0.090909 0.454545
241 5.87782 0.090909 0.636364
242 5.87782 0.090909 0.818182
243 5.87782 0.272727 -0.090909
244 5.87782 0.272727 0.090909
245 5.87782 0.272727 0.272727
246 5.87782 0.272727 0.454545
247 5.87782 0.272727 0.636364
248 5.87782 0.272727 0.818182
249 5.87782 0.454545 -0.272727
250 5.87782 0.454545 -0.090909
251 5.87782 0.454545 0.090909
252 5.87782 0.454545 0.272727
253 5.87782 0.454545 0.454545
254 5.87782 0.454545 0.636364
255 5.87782 0.454545 0.818182
256 5.87782 0.636364 -0.454545
257 5.87782 0.636364 -0.272727
258 5.87782 0.636364 -0.090909
259 5.87782 0.636364 0.090909
260 5.87782 0.636364 0.272727
261 5.87782 0.636364 0.454545
262 5.87782 0.636364 0.636364
263 5.87782 0.636364 0.818182
264 5.87782 0.818182 -0.636364
265 5.87782 0.818182 -0.454545
266 5.87782 0.818182 -0.272727
267 5.87782 0.818182 -0.090909
268 5.87782 0.818182 0.090909
269 5.87782 0.818182 0.272727
270 5.87782 0.818182 0.454545
271 5.87782 0.818182 0.636364
272 5.87782 0.819743 0.818219
273 -3.47772 -1 0.792624
274 -2.4091 -1 0.611445
275 -1.3404 -1 0.429628
276 -0.271709 -1 0.24781
277 0.796985 -1 0.0659916
278 1.86568 -1 -0.115826
279 2.93437 -1 -0.297644
280 4.0034 -1 -0.47872
281 5.06077 -1 0.638511
282 5.05029 -1 0.806949
283 -5.87782 -0.636364 -0.818182
284 -5.87782 -0.454545 -0.636364
285 -5.87782 -0.454545 -0.818182
286 -5.87782 -0.272727 -0.454545
287 -5.87782 -0.272727 -0.636364
288 -5.87782 -0.272727 -0.818182
289 -5.87782 -0.090909 -0.272727
290 -5.87782 -0.090909 -0.454545
291 -5.87782 -0.090909 -0.636364
292 -5.87782 -0.090909 -0.818182
293 -5.87782 0.090909 -0.090909
294 -5.87782 0.090909 -0.272727
295 -5.87782 0.090909 -0.454545
296 -5.87782 0.090909 -0.636364
297 -5.87782 0.090909 -0.818182
298 -5.87782 0.272727 0.090909
299 -5.87782 0.272727 -0.090909
300 -5.87782 0.272727 -0.272727
301 -5.87782 0.272727 -0.454545
302 -5.87782 0.272727 -0.636364
303 -5.87782 0.272727 -0.818182
304 -5.87782 0.454545 0.272727
305 -5.87782 0.454545 0.090909
306 -5.87782 0.454545 -0.090909
307 -5.87782 0.454545 -0.272727
308 -5.87782 0.454545 -0.454545
309 -5.87782 0.454545 -0.636364
310 -5.87782 0.454545 -0.818182
311 -5.87782 0.636364 0.454545
312 -5.87782 0.636364 0.272727
313 -5.87782 0.636364 0.090909
314 -5.87782 0.636364 -0.090909
315 -5.87782 0.636364 -0.272727
316 -5.87782 0.636364 -0.454545
317 -5.87782 0.636364 -0.636364
318 -5.87782 0.636364 -0.818182
319 -5.87782 0.818182 0.636364
320 -5.87782 0.818182 0.454545
321 -5.87782 0.818182 0.272727
322 -5.87782 0.818182 0.090909
323 -5.87782 0.818182 -0.090909
324 -5.87782 0.818182 -0.272727
325 -5.87782 0.818182 -0.454545
326 -5.87782 0.818182 -0.636364
327 -5.87782 0.819782 -0.818345
328 -4.8092 -0.631014 1
329 -3.74051 -0.449196 1
330 -4.8092 -0.454474 1
331 -2.67181 -0.267377 1
332 -3.74051 -0.272656 1
333 -4.80912 -0.271868 1
334 -1.60312 -0.0855595 1
335 -2.67181 -0.0908378 1
336 -3.74043 -0.0900501 1
337 -4.80912 -0.0900501 1
338 -0.534422 0.0962585 1
339 -1.60312 0.0909802 1
340 -2.67174 0.0917679 1
341 -3.74043 0.0917679 1
342 -4.80912 0.0917679 1
343 0.534272 0.278077 1
344 -0.534422 0.272798 1
345 -1.60304 0.273586 1
346 -2.67174 0.273586 1
347 -3.74043 0.273586 1
348 -4.80912 0.273586 1
349 1.60297 0.459895 1
350 0.534272 0.454616 1
351 -0.534347 0.455404 1
352 -1.60304 0.455404 1
353 -2.67174 0.455404 1
354 -3.74043 0.455404 1
355 -4.80912 0.455404 1
356 2.67166 0.641714 1
357 1.60297 0.636435 1
358 0.534347 0.637223 1
359 -0.534347 0.637223 1
360 -1.60304 0.637223 1
361 -2.67174 0.637223 1
362 -3.74043 0.637223 1
363 -4.80922 0.637361 1
364 3.73384 0.865722 1
365 2.67166 0.818447 1
366 1.60304 0.819235 1
367 0.534347 0.819235 1
368 -0.534347 0.819235 1
369 -1.60304 0.819235 1
370 -2.67174 0.819235 1
371 -3.74043 0.819235 1
372 -4.80392 0.820377 1
373 3.48615 1 0.809965
374 2.41147 1 0.607229
375 2.41702 1 0.823432
376 1.3404 1 0.429628
377 1.34829 1 0.823443
378 0.271709 1 0.24781
379 0.280106 1 0.822999
380 -0.796985 1 0.0659916
381 -0.789098 1 0.823443
382 -1.86568 1 -0.115826
383 -1.85728 1 0.822999
384 -2.93437 1 -0.297644
385 -2.92649 1 0.823443
386 -4.0034 1 -0.47872
387 -3.99467 1 0.822999
388 -5.06051 1 0.638219
389 -4.80962 -0.814618 -1
390 -4.80912 -0.635382 -1
391 -3.74043 -0.817434 -1
392 -4.80912 -0.453564 -1
393 -3.74043 -0.635383 -1
394 -2.67174 -0.817434 -1
395 -4.80912 -0.271746 -1
396 -3.74043 -0.453564 -1
397 -2.67174 -0.635383 -1
398 -1.60304 -0.817434 -1
399 -4.80912 -0.0899282 -1
400 -3.74043 -0.271746 -1
401 -2.67174 -0.453564 -1
402 -1.60304 -0.635383 -1
403 -0.534347 -0.817434 -1
404 -4.80912 0.0918898 -1
405 -3.74043 -0.0899282 -1
406 -2.67174 -0.271746 -1
407 -1.60304 -0.453564 -1
408 -0.534347 -0.635383 -1
409 0.534347 -0.817434 -1
410 -4.80912 0.273708 -1
411 -3.74043 0.0918898 -1
412 -2.67174 -0.0899282 -1
413 -1.60304 -0.271746 -1
414 -0.534347 -0.453564 -1
415 0.534347 -0.635383 -1
416 1.60304 -0.817434 -1
417 -4.80912 0.455526 -1
418 -3.74043 0.273708 -1
419 -2.67174 0.09189 -1
420 -1.60304 -0.089928 -1
421 -0.534347 -0.271746 -1
422 0.534347 -0.453564 -1
423 1.60304 -0.635383 -1
424 2.67174 -0.817434 -1
425 -4.8092 0.638293 -1
426 -3.74051 0.456474 -1
427 -2.67181 0.274656 -1
428 -1.60312 0.0928378 -1
429 -0.534422 -0.0889802 -1
430 0.534272 -0.270798 -1
431 1.60297 -0.452616 -1
432 2.67166 -0.634435 -1
433 3.74036 -0.816485 -1
434 5.87782 -0.819782 -0.818345
435 5.87782 -0.636364 -0.818182
436 5.87782 -0.818182 -0.636364
437 5.87782 -0.454545 -0.818182
438 5.87782 -0.636364 -0.636364
439 5.87782 -0.818182 -0.454545
440 5.87782 -0.272727 -0.818182
441 5.87782 -0.454545 -0.636364
442 5.87782 -0.636364 -0.454545
443 5.87782 -0.818182 -0.272727
444 5.87782 -0.090909 -0.818182
445 5.87782 -0.272727 -0.636364
446 5.87782 -0.454545 -0.454545
447 5.87782 -0.636364 -0.272727
448 5.87782 -0.818182 -0.090909
449 5.87782 0.090909 -0.818182
450 5.87782 -0.090909 -0.636364
451 5.87782 -0.272727 -0.454545
452 5.87782 -0.454545 -0.272727
453 5.87782 -0.636364 -0.090909
454 5.87782 -0.818182 0.090909
455 5.87782 0.272727 -0.818182
456 5.87782 0.090909 -0.636364
457 5.87782 -0.090909 -0.454545
458 5.87782 -0.272727 -0.272727
459 5.87782 -0.454545 -0.090909
460 5.87782 -0.636364 0.090909
461 5.87782 -0.818182 0.272727
462 5.87782 0.454545 -0.818182
463 5.87782 0.272727 -0.636364
464 5.87782 0.090909 -0.454545
465 5.87782 -0.090909 -0.272727
466 5.87782 -0.272727 -0.090909
467 5.87782 -0.454545 0.090909
468 5.87782 -0.636364 0.272727
469 5.87782 -0.818182 0.454545
470 5.87782 0.636364 -0.818182
471 5.87782 0.454545 -0.636364
472 5.87782 0.272727 -0.454545
473 5.87782 0.090909 -0.272727
474 5.87782 -0.090909 -0.090909
475 5.87782 -0.272727 0.090909
476 5.87782 -0.454545 0.272727
477 5.87782 -0.636364 0.454545
478 5.87782 -0.818182 0.636364
479 -4.56803 -1 -0.809208
480 -3.50823 -1 -0.808111
481 -2.43954 -1 -0.808111
482 -1.37084 -1 -0.808111
483 -0.302149 -1 -0.808111
484 0.766545 -1 -0.808111
485 1.83524 -1 -0.80811
486 2.91343 -1 -0.806968
487 -5.87782 -0.819743 0.818219
488 -5.87782 -0.636364 0.818182
489 -5.87782 -0.818182 0.636364
490 -5.87782 -0.454545 0.818182
491 -5.87782 -0.636364 0.636364
492 -5.87782 -0.818182 0.454545
493 -5.87782 -0.272727 0.818182
494 -5.87782 -0.454545 0.636364
495 -5.87782 -0.636364 0.454545
496 -5.87782 -0.818182 0.272727
497 -5.87782 -0.090909 0.818182
498 -5.87782 -0.272727 0.636364
499 -5.87782 -0.454545 0.454545
500 -5.87782 -0.636364 0.272727
501 -5.87782 -0.818182 0.090909
502 -5.87782 0.090909 0.818182
503 -5.87782 -0.090909 0.636364
504 -5.87782 -0.272727 0.454545
505 -5.87782 -0.454545 0.272727
506 -5.87782 -0.636364 0.090909
507 -5.87782 -0.818182 -0.090909
508 -5.87782 0.272727 0.818182
509 -5.87782 0.090909 0.636364
510 -5.87782 -0.090909 0.454545
511 -5.87782 -0.272727 0.272727
512 -5.87782 -0.454545 0.090909
513 -5.87782 -0.636364 -0.090909
514 -5.87782 -0.818182 -0.272727
515 -5.87782 0.454545 0.818182
516 -5.87782 0.272727 0.636364
517 -5.87782 0.090909 0.454545
518 -5.87782 -0.090909 0.272727
519 -5.87782 -0.272727 0.090909
520 -5.87782 -0.454545 -0.090909
521 -5.87782 -0.636364 -0.272727
522 -5.87782 -0.818182 -0.454545
523 -5.87782 0.636364 0.818182
524 -5.87782 0.454545 0.636364
525 -5.87782 0.272727 0.454545
526 -5.87782 0.090909 0.272727
527 -5.87782 -0.090909 0.090909
528 -5.87782 -0.272727 -0.090909
529 -5.87782 -0.454545 -0.272727
530 -5.87782 -0.636364 -0.454545
531 -5.87782 -0.818182 -0.636364
532 4.80963 -0.814577 1
533 4.80912 -0.635382 1
534 3.74092 -0.819699 1
535 4.80912 -0.453564 1
536 3.74043 -0.635383 1
537 2.67223 -0.819699 1
538 4.80912 -0.271746 1
539 3.74043 -0.453564 1
540 2.67174 -0.635383 1
541 1.60353 -0.819699 1
542 4.80912 -0.0899282 1
543 3.74043 -0.271746 1
544 2.67174 -0.453564 1
545 1.60304 -0.635383 1
546 0.534836 -0.819699 1
547 4.80912 0.0918898 1
548 3.74043 -0.0899282 1
549 2.67174 -0.271746 1
550 1.60304 -0.453564 1
551 0.534347 -0.635383 1
552 -0.533858 -0.819699 1
553 4.80912 0.273708 1
554 3.74043 0.0918898 1
555 2.67174 -0.0899282 1
556 1.60304 -0.271746 1
557 0.534347 -0.453564 1
558 -0.534347 -0.635383 1
559 -1.60255 -0.819699 1
560 4.80912 0.45557 1
561 3.74043 0.273708 1
562 2.67174 0.09189 1
563 1.60304 -0.089928 1
564 0.534347 -0.271746 1
565 -0.534347 -0.453564 1
566 -1.60304 -0.635383 1
567 -2.67125 -0.819699 1
568 4.81571 0.679547 1
569 3.74051 0.456474 1
570 2.67181 0.274656 1
571 1.60312 0.0928378 1
572 0.534422 -0.0889802 1
573 -0.534272 -0.270798 1
574 -1.60297 -0.452616 1
575 -2.67166 -0.634435 1
576 -3.72445 -0.855518 1
577 4.56803 1 -0.809208
578 3.50823 1 -0.808111
579 2.43954 1 -0.808111
580 1.37084 1 -0.808111
581 0.302149 1 -0.808111
582 -0.766545 1 -0.808111
583 -1.83524 1 -0.80811
584 -2.91343 1 -0.806968
585 -5.48114 1 -0.892827
586 -4.72901 1 -0.908213
587 -5.15979 1 -1
588 5.34252 0.910725 1
589 5.34244 0.816072 1
590 -5.87782 0.909091 0.909091
591 -5.87782 0.818182 0.909091
592 -5.87782 0.909091 1
593 5.48114 -1 -0.892827
594 4.72901 -1 -0.908213
595 5.15979 -1 -1
596 5.87782 0.909091 -0.909091
597 5.87782 0.818182 -0.909091
598 5.87782 0.909091 -1
599 -5.3161 0.849774 -1
600 -5.35189 0.756208 -1
601 -5.87782 1 -0.909091
602 -5.58221 1 -0.799227
603 5.34347 1 1
604 4.80898 0.911735 1
605 -5.87782 1 0.909091
606 -5.87782 0.909091 0.818182
607 5.87782 -1 -0.863637
608 5.58221 -1 -0.799227
609 5.87782 1 -0.909091
610 5.87782 0.909091 -0.818182
611 -4.80977 0.91438 -1
612 5.35181 -0.757937 -1
613 5.31357 -0.902838 -1
614 4.2747 -0.633761 -1
615 4.80912 -0.724387 -1
616 4.27478 -0.727292 -1
617 3.20601 -0.451942 -1
618 3.74043 -0.542535 -1
619 3.20608 -0.545454 -1
620 2.13731 -0.270124 -1
621 2.67174 -0.360717 -1
622 2.13739 -0.363636 -1
623 1.06862 -0.0883057 -1
624 1.60304 -0.178899 -1
625 1.06869 -0.181818 -1
626 -7.47325e-05 0.0935123 -1
627 0.534347 0.00291908 -1
628 -1.33159e-11 3.20647e-12 -1
629 -1.06877 0.27533 -1
630 -0.534347 0.184737 -1
631 -1.06869 0.181818 -1
632 -2.13746 0.457148 -1
633 -1.60304 0.366555 -1
634 -2.13739 0.363636 -1
635 -3.20616 0.638968 -1
636 -2.67174 0.548374 -1
637 -3.20608 0.545454 -1
638 -4.27498 0.820267 -1
639 -3.74032 0.732851 -1
640 -4.27478 0.727292 -1
641 5.3455 -0.642074 -1
642 5.87782 -0.772728 -1
643 4.26983 -0.547981 -1
644 4.2747 -0.459368 -1
645 4.81407 -0.542659 -1
646 5.34353 -0.549535 -1
647 5.34347 -0.458592 -1
648 5.87782 -0.545454 -1
649 3.20114 -0.366162 -1
650 3.20601 -0.27755 -1
651 3.74538 -0.360841 -1
652 4.27478 -0.367683 -1
653 4.27478 -0.276774 -1
654 4.80912 -0.362777 -1
655 5.34347 -0.367683 -1
656 5.34347 -0.276774 -1
657 5.87782 -0.363636 -1
658 2.13244 -0.184344 -1
659 2.13731 -0.095732 -1
660 2.67668 -0.179023 -1
661 3.20608 -0.185865 -1
662 3.20608 -0.094956 -1
663 3.74043 -0.180959 -1
664 4.27478 -0.185865 -1
665 4.27478 -0.094956 -1
666 4.80912 -0.180959 -1
667 5.34347 -0.185865 -1
668 5.34347 -0.094956 -1
669 5.87782 -0.181818 -1
670 1.06375 -0.00252618 -1
671 1.06862 0.086086 -1
672 1.60799 0.00279535 -1
673 2.13739 -0.00404698 -1
674 2.13739 0.086862 -1
675 2.67174 0.000858876 -1
676 3.20608 -0.00404698 -1
677 3.20608 0.086862 -1
678 3.74043 0.000858876 -1
679 4.27478 -0.00404697 -1
680 4.27478 0.086862 -1
681 4.80912 0.000858876 -1
682 5.34347 -0.00404698 -1
683 5.34347 0.086862 -1
684 5.87782 0 -1
685 -0.00494602 0.179292 -1
686 -7.4733e-05 0.267904 -1
687 0.539293 0.184613 -1
688 1.06869 0.177771 -1
689 1.06869 0.26868 -1
690 1.60304 0.182677 -1
691 2.13739 0.177771 -1
692 2.13739 0.26868 -1
693 2.67174 0.182677 -1
694 3.20608 0.177771 -1
695 3.20608 0.26868 -1
696 3.74043 0.182677 -1
697 4.27478 0.177771 -1
698 4.27478 0.26868 -1
699 4.80912 0.182677 -1
700 5.34347 0.177771 -1
701 5.34347 0.26868 -1
702 5.87782 0.181818 -1
703 -1.07364 0.36111 -1
704 -1.06877 0.449722 -1
705 -0.529401 0.366431 -1
706 5.84559e-11 0.359589 -1
707 8.58539e-10 0.450498 -1
708 0.534347 0.364495 -1
709 1.06869 0.359589 -1
710 1.06869 0.450498 -1
711 1.60304 0.364495 -1
712 2.13739 0.359589 -1
713 2.13739 0.450498 -1
714 2.67174 0.364495 -1
715 3.20608 0.359589 -1
716 3.20608 0.450498 -1
717 3.74043 0.364495 -1
718 4.27478 0.359589 -1
719 4.27478 0.450498 -1
720 4.80912 0.364495 -1
721 5.34347 0.359589 -1
722 5.34347 0.450498 -1
723 5.87782 0.363636 -1
724 -2.14233 0.542928 -1
725 -2.13746 0.631541 -1
726 -1.5981 0.54825 -1
727 -1.06869 0.541408 -1
728 -1.06869 0.632317 -1
729 -0.534347 0.546313 -1
730 5.8456e-11 0.541408 -1
731 8.58538e-10 0.632317 -1
732 0.534347 0.546313 -1
733 1.06869 0.541408 -1
734 1.06869 0.632317 -1
735 1.60304 0.546313 -1
736 2.13739 0.541408 -1
737 2.13739 0.632317 -1
738 2.67174 0.546313 -1
739 3.20608 0.541408 -1
740 3.20608 0.632317 -1
741 3.74043 0.546313 -1
742 4.27478 0.541408 -1
743 4.27478 0.632317 -1
744 4.80912 0.546313 -1
745 5.34347 0.541428 -1
746 5.34307 0.633204 -1
747 5.87782 0.545454 -1
748 -3.21103 0.724751 -1
749 -3.20621 0.813635 -1
750 -2.66679 0.730074 -1
751 -2.13739 0.72323 -1
752 -2.13744 0.814411 -1
753 -1.60304 0.728137 -1
754 -1.06869 0.72323 -1
755 -1.06875 0.814411 -1
756 -0.534347 0.728137 -1
757 5.84196e-11 0.72323 -1
758 -5.48047e-05 0.814411 -1
759 0.534347 0.728137 -1
760 1.06869 0.72323 -1
761 1.06864 0.814411 -1
762 1.60304 0.728137 -1
763 2.13739 0.72323 -1
764 2.13733 0.814411 -1
765 2.67174 0.728137 -1
766 3.20608 0.72323 -1
767 3.20603 0.814411 -1
768 3.74043 0.728137 -1
769 4.27478 0.72323 -1
770 4.27478 0.814328 -1
771 4.80825 0.730665 -1
772 5.33467 0.735084 -1
773 5.45069 0.812539 -1
774 5.87782 0.727273 -1
775 -4.27961 0.913016 -1
776 -4.20798 1 -1
777 -3.20671 0.912403 -1
778 -3.13929 1 -1
779 -2.67174 0.911594 -1
780 -2.13801 0.912403 -1
781 -2.07059 1 -1
782 -1.60304 0.911594 -1
783 -1.06932 0.912403 -1
784 -1.0019 1 -1
785 -0.534347 0.911594 -1
786 -0.000622865 0.912403 -1
787 0.0667934 1 -1
788 0.534347 0.911594 -1
789 1.06807 0.912403 -1
790 1.13549 1 -1
791 1.60304 0.911594 -1
792 2.13677 0.912403 -1
793 2.20418 1 -1
794 2.67174 0.911594 -1
795 3.20546 0.912403 -1
796 3.27288 1 -1
797 3.74043 0.911594 -1
798 4.27478 0.90763 -1
799 4.27478 1 -1
800 4.8178 0.912591 -1
801 5.4624 0.904953 -1
802 5.87782 -0.818182 0.909091
803 5.87782 -0.909091 1
804 5.87782 -0.909091 0.909091
805 5.87782 -0.636364 0.727273
806 5.87782 -0.727273 0.818182
807 5.87782 -0.727273 0.727273
808 5.87782 -0.454545 0.545454
809 5.87782 -0.545454 0.636364
810 5.87782 -0.545454 0.545454
811 5.87782 -0.272727 0.363636
812 5.87782 -0.363636 0.454545
813 5.87782 -0.363636 0.363636
814 5.87782 -0.090909 0.181818
815 5.87782 -0.181818 0.272727
816 5.87782 -0.181818 0.181818
817 5.87782 0.090909 0
818 5.87782 0 0.090909
819 5.87782 0 0
820 5.87782 0.272727 -0.181818
821 5.87782 0.181818 -0.090909
822 5.87782 0.181818 -0.181818
823 5.87782 0.454545 -0.363636
824 5.87782 0.363636 -0.272727
825 5.87782 0.363636 -0.363636
826 5.87782 0.636364 -0.545454
827 5.87782 0.545454 -0.454545
828 5.87782 0.545454 -0.545454
829 5.87782 0.818182 -0.727273
830 5.87782 0.727273 -0.636364
831 5.87782 0.727273 -0.727273
832 5.87782 -0.727273 0.909091
833 5.87782 -0.636364 0.909091
834 5.87782 -0.727273 1
835 5.87782 -0.545454 0.727273
836 5.87782 -0.454545 0.727273
837 5.87782 -0.545454 0.818182
838 5.87782 -0.545454 0.909091
839 5.87782 -0.454545 0.909091
840 5.87782 -0.545454 1
841 5.87782 -0.363636 0.545454
842 5.87782 -0.272727 0.545454
843 5.87782 -0.363636 0.636364
844 5.87782 -0.363636 0.727273
845 5.87782 -0.272727 0.727273
846 5.87782 -0.363636 0.818182
847 5.87782 -0.363636 0.909091
848 5.87782 -0.272727 0.909091
849 5.87782 -0.363636 1
850 5.87782 -0.181818 0.363636
851 5.87782 -0.090909 0.363636
852 5.87782 -0.181818 0.454545
853 5.87782 -0.181818 0.545454
854 5.87782 -0.090909 0.545454
855 5.87782 -0.181818 0.636364
856 5.87782 -0.181818 0.727273
857 5.87782 -0.090909 0.727273
858 5.87782 -0.181818 0.818182
859 5.87782 -0.181818 0.909091
860 5.87782 -0.090909 0.909091
861 5.87782 -0.181818 1
862 5.87782 0 0.181818
863 5.87782 0.090909 0.181818
864 5.87782 0 0.272727
865 5.87782 0 0.363636
866 5.87782 0.090909 0.363636
867 5.87782 0 0.454545
868 5.87782 0 0.545454
869 5.87782 0.090909 0.545454
870 5.87782 0 0.636364
871 5.87782 0 0.727273
872 5.87782 0.090909 0.727273
873 5.87782 0 0.818182
874 5.87782 0 0.909091
875 5.87782 0.090909 0.909091
876 5.87782 0 1
877 5.87782 0.181818 0
878 5.87782 0.272727 0
879 5.87782 0.181818 0.090909
880 5.87782 0.181818 0.181818
881 5.87782 0.272727 0.181818
882 5.87782 0.181818 0.272727
883 5.87782 0.181818 0.363636
884 5.87782 0.272727 0.363636
885 5.87782 0.181818 0.454545
886 5.87782 0.181818 0.545454
887 5.87782 0.272727 0.545454
888 5.87782 0.181818 0.636364
889 5.87782 0.181818 0.727273
890 5.87782 0.272727 0.727273
891 5.87782 0.181818 0.818182
892 5.87782 0.181818 0.909091
893 5.87782 0.272727 0.909091
894 5.87782 0.181818 1
895 5.87782 0.363636 -0.181818
896 5.87782 0.454545 -0.181818
897 5.87782 0.363636 -0.090909
898 5.87782 0.363636 0
899 5.87782 0.454545 0
900 5.87782 0.363636 0.090909
901 5.87782 0.363636 0.181818
902 5.87782 0.454545 0.181818
903 5.87782 0.363636 0.272727
904 5.87782 0.363636 0.363636
905 5.87782 0.454545 0.363636
906 5.87782 0.363636 0.454545
907 5.87782 0.363636 0.545454
908 5.87782 0.454545 0.545454
909 5.87782 0.363636 0.636364
910 5.87782 0.363636 0.727273
911 5.87782 0.454545 0.727273
912 5.87782 0.363636 0.818182
913 5.87782 0.363636 0.909091
914 5.87782 0.454545 0.909091
915 5.87782 0.363636 1
916 5.87782 0.545454 -0.363636
917 5.87782 0.636364 -0.363636
918 5.87782 0.545454 -0.272727
919 5.87782 0.545454 -0.181818
920 5.87782 0.636364 -0.181818
921 5.87782 0.545454 -0.090909
922 5.87782 0.545454 0
923 5.87782 0.636364 0
924 5.87782 0.545454 0.090909
925 5.87782 0.545454 0.181818
926 5.87782 0.636364 0.181818
927 5.87782 0.545454 0.272727
928 5.87782 0.545454 0.363636
929 5.87782 0.636364 0.363636
930 5.87782 0.545454 0.454545
931 5.87782 0.545454 0.545454
932 5.87782 0.636364 0.545454
933 5.87782 0.545454 0.636364
934 5.87782 0.545454 0.727273
935 5.87782 0.636364 0.727273
936 5.87782 0.545454 0.818182
937 5.87782 0.545454 0.909091
938 5.87782 0.636364 0.909091
939 5.87782 0.545454 1
940 5.87782 0.727273 -0.545454
941 5.87782 0.818182 -0.545454
942 5.87782 0.727273 -0.454545
943 5.87782 0.727273 -0.363636
944 5.87782 0.818182 -0.363636
945 5.87782 0.727273 -0.272727
946 5.87782 0.727273 -0.181818
947 5.87782 0.818182 -0.181818
948 5.87782 0.727273 -0.090909
949 5.87782 0.727273 0
950 5.87782 0.818182 0
951 5.87782 0.727273 0.090909
952 5.87782 0.727273 0.181818
953 5.87782 0.818182 0.181818
954 5.87782 0.727273 0.272727
955 5.87782 0.727273 0.363636
956 5.87782 0.818182 0.363636
957 5.87782 0.727273 0.454545
958 5.87782 0.727273 0.545454
959 5.87782 0.818182 0.545454
960 5.87782 0.727273 0.636364
961 5.87782 0.727273 0.727273
962 5.87782 0.818182 0.727273
963 5.87782 0.727273 0.818182
964 5.87782 0.73023 0.909128
965 5.87782 0.772728 1
966 5.87782 0.909091 -0.727273
967 5.87782 1 -0.727273
968 5.87782 0.909091 -0.636364
969 5.87782 0.909091 -0.545454
970 5.87782 1 -0.545454
971 5.87782 0.909091 -0.454545
972 5.87782 0.909091 -0.363636
973 5.87782 1 -0.363636
974 5.87782 0.909091 -0.272727
975 5.87782 0.909091 -0.181818
976 5.87782 1 -0.181818
977 5.87782 0.909091 -0.090909
978 5.87782 0.909091 0
979 5.87782 1 0
980 5.87782 0.909091 0.090909
981 5.87782 0.909091 0.181818
982 5.87782 1 0.181818
983 5.87782 0.909091 0.272727
984 5.87782 0.909091 0.363636
985 5.87782 1 0.363636
986 5.87782 0.909091 0.454545
987 5.87782 0.909091 0.545454
988 5.87782 1 0.545454
989 5.87782 0.909091 0.636364
990 5.87782 0.909094 0.727273
991 5.87782 1 0.727273
992 5.87782 0.913517 0.818219
993 5.87782 0.86647 0.910079
994 5.87782 1 0.909091
995 -5.20988 -1 1
996 -5.49677 -1 0.942324
997 -4.0815 -1 0.836517
998 -4.15507 -1 0.743699
999 -3.01346 -1 0.657115
1000 -3.08702 -1 0.562117
1001 -1.94539 -1 0.47363
1002 -2.01833 -1 0.380299
1003 -0.876699 -1 0.291812
1004 -0.949633 -1 0.198481
1005 0.191995 -1 0.109994
1006 0.119061 -1 0.0166627
1007 1.26069 -1 -0.0718244
1008 1.18775 -1 -0.165155
1009 2.32938 -1 -0.253642
1010 2.25645 -1 -0.346973
1011 3.39808 -1 -0.43546
1012 3.32162 -1 -0.532327
1013 4.46713 -1 -0.62057
1014 4.38851 -1 -0.714899
1015 -4.13324 -1 0.922236
1016 -3.67108 -1 0.909922
1017 -4.14119 -1 1
1018 -3.08981 -1 0.751213
1019 -2.60234 -1 0.728774
1020 -2.98988 -1 0.872154
1021 -3.13586 -1 0.870895
1022 -2.59552 -1 0.907356
1023 -3.0725 -1 1
1024 -2.02335 -1 0.56357
1025 -1.53695 -1 0.589752
1026 -2.01173 -1 0.653954
1027 -1.53408 -1 0.724399
1028 -1.93328 -1 0.83814
1029 -2.05346 -1 0.873943
1030 -1.48806 -1 0.860837
1031 -2.0038 -1 1
1032 -0.954655 -1 0.381752
1033 -0.468256 -1 0.407936
1034 -0.94305 -1 0.471961
1035 -0.467099 -1 0.540052
1036 -0.936474 -1 0.657744
1037 -0.467137 -1 0.728687
1038 -0.864591 -1 0.83814
1039 -0.984764 -1 0.873924
1040 -0.464343 -1 0.864833
1041 -0.935107 -1 1
1042 0.114039 -1 0.199934
1043 0.600438 -1 0.226118
1044 0.125644 -1 0.290143
1045 0.601595 -1 0.358234
1046 0.0850782 -1 0.491793
1047 0.597583 -1 0.540957
1048 0.13222 -1 0.657744
1049 0.603314 -1 0.725799
1050 0.204103 -1 0.83814
1051 0.084075 -1 0.874553
1052 0.649327 -1 0.860837
1053 0.133587 -1 1
1054 1.18273 -1 0.0181159
1055 1.66913 -1 0.0442999
1056 1.19434 -1 0.108325
1057 1.67029 -1 0.176416
1058 1.15377 -1 0.309974
1059 1.66628 -1 0.359138
1060 1.15034 -1 0.488726
1061 1.6703 -1 0.541453
1062 1.20091 -1 0.657744
1063 1.67025 -1 0.728687
1064 1.2728 -1 0.83814
1065 1.15262 -1 0.873924
1066 1.67304 -1 0.864833
1067 1.20228 -1 1
1068 2.25143 -1 -0.163702
1069 2.73783 -1 -0.137518
1070 2.26303 -1 -0.0734931
1071 2.73899 -1 -0.0054023
1072 2.22247 -1 0.128156
1073 2.73497 -1 0.17732
1074 2.21903 -1 0.306907
1075 2.739 -1 0.359635
1076 2.22247 -1 0.491793
1077 2.73497 -1 0.540957
1078 2.26961 -1 0.657744
1079 2.7407 -1 0.725799
1080 2.34149 -1 0.83814
1081 2.22146 -1 0.874553
1082 2.78672 -1 0.860837
1083 2.27097 -1 1
1084 3.32012 -1 -0.34552
1085 3.80652 -1 -0.319336
1086 3.33173 -1 -0.255311
1087 3.80768 -1 -0.18722
1088 3.29116 -1 -0.0536617
1089 3.80367 -1 -0.00449766
1090 3.28773 -1 0.125089
1091 3.80769 -1 0.177816
1092 3.29116 -1 0.309974
1093 3.80367 -1 0.359138
1094 3.28773 -1 0.488726
1095 3.80769 -1 0.541453
1096 3.3383 -1 0.657744
1097 3.80764 -1 0.728687
1098 3.41019 -1 0.83814
1099 3.29001 -1 0.873924
1100 3.81034 -1 0.864833
1101 3.33967 -1 1
1102 4.38883 -1 -0.52372
1103 4.8763 -1 -0.546565
1104 4.40478 -1 -0.43602
1105 4.87639 -1 -0.367634
1106 4.35018 -1 -0.235628
1107 4.87626 -1 -0.183
1108 4.35985 -1 -0.0536616
1109 4.87639 -1 -0.00399707
1110 4.35018 -1 0.128008
1111 4.87626 -1 0.180636
1112 4.35985 -1 0.309974
1113 4.87639 -1 0.361038
1114 4.35985 -1 0.491793
1115 4.87752 -1 0.591359
1116 4.40604 -1 0.657652
1117 4.83661 -1 0.726828
1118 4.33685 -1 0.872732
1119 4.68445 -1 0.898417
1120 4.45846 -1 1
1121 5.48028 -1 -0.703283
1122 5.87782 -1 -0.727273
1123 5.52029 -1 -0.609269
1124 5.87782 -1 -0.545454
1125 5.426 -1 -0.415159
1126 5.87782 -1 -0.363636
1127 5.426 -1 -0.233341
1128 5.87782 -1 -0.181818
1129 5.426 -1 -0.0515232
1130 5.87782 -1 0
1131 5.426 -1 0.130295
1132 5.87782 -1 0.181818
1133 5.47139 -1 0.296305
1134 5.87782 -1 0.363636
1135 5.52827 -1 0.475385
1136 5.51811 -1 0.571924
1137 5.87782 -1 0.545454
1138 5.58122 -1 0.664458
1139 5.34007 -1 0.722541
1140 5.87782 -1 0.727273
1141 5.32904 -1 0.821588
1142 5.37393 -1 0.905614
1143 5.87782 -1 0.909091
1144 -5.87782 -0.818182 -0.909091
1145 -5.87782 -0.909091 -1
1146 -5.87782 -0.909091 -0.909091
1147 -5.87782 -0.636364 -0.727273
1148 -5.87782 -0.727273 -0.818182
1149 -5.87782 -0.727273 -0.727273
1150 -5.87782 -0.454545 -0.545454
1151 -5.87782 -0.545454 -0.636364
1152 -5.87782 -0.545454 -0.545454
1153 -5.87782 -0.272727 -0.363636
1154 -5.87782 -0.363636 -0.454545
1155 -5.87782 -0.363636 -0.363636
1156 -5.87782 -0.090909 -0.181818
1157 -5.87782 -0.181818 -0.272727
1158 -5.87782 -0.181818 -0.181818
1159 -5.87782 0.090909 0
1160 -5.87782 0 -0.090909
1161 -5.87782 0 0
1162 -5.87782 0.272727 0.181818
1163 -5.87782 0.181818 0.090909
1164 -5.87782 0.181818 0.181818
1165 -5.87782 0.454545 0.363636
1166 -5.87782 0.363636 0.272727
1167 -5.87782 0.363636 0.363636
1168 -5.87782 0.636364 0.545454
1169 -5.87782 0.545454 0.454545
1170 -5.87782 0.545454 0.545454
1171 -5.87782 0.818182 0.727273
1172 -5.87782 0.727273 0.636364
1173 -5.87782 0.727273 0.727273
1174 -5.87782 -0.727273 -0.909091
1175 -5.87782 -0.636364 -0.909091
1176 -5.87782 -0.727273 -1
1177 -5.87782 -0.545454 -0.727273
1178 -5.87782 -0.454545 -0.727273
1179 -5.87782 -0.545454 -0.818182
1180 -5.87782 -0.545454 -0.909091
1181 -5.87782 -0.454545 -0.909091
1182 -5.87782 -0.545454 -1
1183 -5.87782 -0.363636 -0.545454
1184 -5.87782 -0.272727 -0.545454
1185 -5.87782 -0.363636 -0.636364
1186 -5.87782 -0.363636 -0.727273
1187 -5.87782 -0.272727 -0.727273
1188 -5.87782 -0.363636 -0.818182
1189 -5.87782 -0.363636 -0.909091
1190 -5.87782 -0.272727 -0.909091
1191 -5.87782 -0.363636 -1
1192 -5.87782 -0.181818 -0.363636
1193 -5.87782 -0.090909 -0.363636
1194 -5.87782 -0.181818 -0.454545
1195 -5.87782 -0.181818 -0.545454
1196 -5.87782 -0.090909 -0.545454
1197 -5.87782 -0.181818 -0.636364
1198 -5.87782 -0.181818 -0.727273
1199 -5.87782 -0.090909 -0.727273
1200 -5.87782 -0.181818 -0.818182
1201 -5.87782 -0.181818 -0.909091
1202 -5.87782 -0.090909 -0.909091
1203 -5.87782 -0.181818 -1
1204 -5.87782 0 -0.181818
1205 -5.87782 0.090909 -0.181818
1206 -5.87782 0 -0.272727
1207 -5.87782 0 -0.363636
1208 -5.87782 0.090909 -0.363636
1209 -5.87782 0 -0.454545
1210 -5.87782 0 -0.545454
1211 -5.87782 0.090909 -0.545454
1212 -5.87782 0 -0.636364
1213 -5.87782 0 -0.727273
1214 -5.87782 0.090909 -0.727273
1215 -5.87782 0 -0.818182
1216 -5.87782 0 -0.909091
1217 -5.87782 0.090909 -0.909091
1218 -5.87782 0 -1
1219 -5.87782 0.181818 0
1220 -5.87782 0.272727 0
1221 -5.87782 0.181818 -0.090909
1222 -5.87782 0.181818 -0.181818
1223 -5.87782 0.272727 -0.181818
1224 -5.87782 0.181818 -0.272727
1225 -5.87782 0.181818 -0.363636
1226 -5.87782 0.272727 -0.363636
1227 -5.87782 0.181818 -0.454545
1228 -5.87782 0.181818 -0.545454
1229 -5.87782 0.272727 -0.545454
1230 -5.87782 0.181818 -0.636364
1231 -5.87782 0.181818 -0.727273
1232 -5.87782 0.272727 -0.727273
1233 -5.87782 0.181818 -0.818182
1234 -5.87782 0.181818 -0.909091
1235 -5.87782 0.272727 -0.909091
1236 -5.87782 0.181818 -1
1237 -5.87782 0.363636 0.181818
1238 -5.87782 0.454545 0.181818
1239 -5.87782 0.363636 0.090909
1240 -5.87782 0.363636 0
1241 -5.87782 0.454545 0
1242 -5.87782 0.363636 -0.090909
1243 -5.87782 0.363636 -0.181818
1244 -5.87782 0.454545 -0.181818
1245 -5.87782 0.363636 -0.272727
1246 -5.87782 0.363636 -0.363636
1247 -5.87782 0.454545 -0.363636
1248 -5.87782 0.363636 -0.454545
1249 -5.87782 0.363636 -0.545454
1250 -5.87782 0.454545 -0.545454
1251 -5.87782 0.363636 -0.636364
1252 -5.87782 0.363636 -0.727273
1253 -5.87782 0.454545 -0.727273
1254 -5.87782 0.363636 -0.818182
1255 -5.87782 0.363636 -0.909091
1256 -5.87782 0.454545 -0.909091
1257 -5.87782 0.363636 -1
1258 -5.87782 0.545454 0.363636
1259 -5.87782 0.636364 0.363636
1260 -5.87782 0.545454 0.272727
1261 -5.87782 0.545454 0.181818
1262 -5.87782 0.636364 0.181818
1263 -5.87782 0.545454 0.090909
1264 -5.87782 0.545454 0
1265 -5.87782 0.636364 0
1266 -5.87782 0.545454 -0.090909
1267 -5.87782 0.545454 -0.181818
1268 -5.87782 0.636364 -0.181818
1269 -5.87782 0.545454 -0.272727
1270 -5.87782 0.545454 -0.363636
1271 -5.87782 0.636364 -0.363636
1272 -5.87782 0.545454 -0.454545
1273 -5.87782 0.545454 -0.545454
1274 -5.87782 0.636364 -0.545454
1275 -5.87782 0.545454 -0.636364
1276 -5.87782 0.545454 -0.727273
1277 -5.87782 0.636364 -0.727273
1278 -5.87782 0.545454 -0.818182
1279 -5.87782 0.545454 -0.909091
1280 -5.87782 0.636364 -0.909091
1281 -5.87782 0.545454 -1
1282 -5.87782 0.727273 0.545454
1283 -5.87782 0.818182 0.545454
1284 -5.87782 0.727273 0.454545
1285 -5.87782 0.727273 0.363636
1286 -5.87782 0.818182 0.363636
1287 -5.87782 0.727273 0.272727
1288 -5.87782 0.727273 0.181818
1289 -5.87782 0.818182 0.181818
1290 -5.87782 0.727273 0.090909
1291 -5.87782 0.727273 0
1292 -5.87782 0.818182 0
1293 -5.87782 0.727273 -0.090909
1294 -5.87782 0.727273 -0.181818
1295 -5.87782 0.818182 -0.181818
1296 -5.87782 0.727273 -0.272727
1297 -5.87782 0.727273 -0.363636
1298 -5.87782 0.818182 -0.363636
1299 -5.87782 0.727273 -0.454545
1300 -5.87782 0.727273 -0.545454
1301 -5.87782 0.818182 -0.545454
1302 -5.87782 0.727273 -0.636364
1303 -5.87782 0.727273 -0.727273
1304 -5.87782 0.818182 -0.727273
1305 -5.87782 0.727273 -0.818182
1306 -5.87782 0.730195 -0.909179
1307 -5.87782 0.772728 -1
1308 -5.87782 0.909091 0.727273
1309 -5.87782 1 0.727273
1310 -5.87782 0.909091 0.636364
1311 -5.87782 0.909091 0.545454
1312 -5.87782 1 0.545454
1313 -5.87782 0.909091 0.454545
1314 -5.87782 0.909091 0.363636
1315 -5.87782 1 0.363636
1316 -5.87782 0.909091 0.272727
1317 -5.87782 0.909091 0.181818
1318 -5.87782 1 0.181818
1319 -5.87782 0.909091 0.090909
1320 -5.87782 0.909091 0
1321 -5.87782 1 0
1322 -5.87782 0.909091 -0.090909
1323 -5.87782 0.909091 -0.181818
1324 -5.87782 1 -0.181818
1325 -5.87782 0.909091 -0.272727
1326 -5.87782 0.909091 -0.363636
1327 -5.87782 1 -0.363636
1328 -5.87782 0.911515 -0.456969
1329 -5.87782 0.905785 -0.54876
1330 -5.87782 1 -0.545454
1331 -5.87782 0.909091 -0.636364
1332 -5.87782 0.909168 -0.728746
1333 -5.87782 0.912936 -0.821923
1334 -5.87782 0.865614 -0.911502
1335 -5.35181 -0.757937 1
1336 -5.3102 -0.906501 1
1337 -4.2747 -0.633699 1
1338 -4.80911 -0.724382 1
1339 -4.2751 -0.725617 1
1340 -3.20601 -0.451942 1
1341 -3.74043 -0.542535 1
1342 -3.20608 -0.545454 1
1343 -2.13731 -0.270124 1
1344 -2.67174 -0.360717 1
1345 -2.13739 -0.363636 1
1346 -1.06862 -0.0883057 1
1347 -1.60304 -0.178899 1
1348 -1.06869 -0.181818 1
1349 7.47325e-05 0.0935123 1
1350 -0.534347 0.00291908 1
1351 1.33159e-11 3.20647e-12 1
1352 1.06877 0.27533 1
1353 0.534347 0.184737 1
1354 1.06869 0.181818 1
1355 2.13746 0.457148 1
1356 1.60304 0.366555 1
1357 2.13739 0.363636 1
1358 3.20616 0.638968 1
1359 2.67174 0.548374 1
1360 3.20608 0.545454 1
1361 4.27493 0.820189 1
1362 3.74032 0.732851 1
1363 4.27478 0.727292 1
1364 -5.3455 -0.642074 1
1365 -5.87782 -0.772728 1
1366 -4.26983 -0.547981 1
1367 -4.2747 -0.459368 1
1368 -4.81407 -0.542659 1
1369 -5.34353 -0.549535 1
1370 -5.34347 -0.458592 1
1371 -5.87782 -0.545454 1
1372 -3.20114 -0.366162 1
1373 -3.20601 -0.27755 1
1374 -3.74538 -0.360841 1
1375 -4.27478 -0.367683 1
1376 -4.27478 -0.276774 1
1377 -4.80912 -0.362777 1
1378 -5.34347 -0.367683 1
1379 -5.34347 -0.276774 1
1380 -5.87782 -0.363636 1
1381 -2.13244 -0.184344 1
1382 -2.13731 -0.095732 1
1383 -2.67668 -0.179023 1
1384 -3.20608 -0.185865 1
1385 -3.20608 -0.094956 1
1386 -3.74043 -0.180959 1
1387 -4.27478 -0.185865 1
1388 -4.27478 -0.094956 1
1389 -4.80912 -0.180959 1
1390 -5.34347 -0.185865 1
1391 -5.34347 -0.094956 1
1392 -5.87782 -0.181818 1
1393 -1.06375 -0.00252618 1
1394 -1.06862 0.086086 1
1395 -1.60799 0.00279535 1
1396 -2.13739 -0.00404698 1
1397 -2.13739 0.086862 1
1398 -2.67174 0.000858876 1
1399 -3.20608 -0.00404698 1
1400 -3.20608 0.086862 1
1401 -3.74043 0.000858876 1
1402 -4.27478 -0.00404697 1
1403 -4.27478 0.086862 1
1404 -4.80912 0.000858876 1
1405 -5.34347 -0.00404698 1
1406 -5.34347 0.086862 1
1407 -5.87782 0 1
1408 0.00494602 0.179292 1
1409 7.4733e-05 0.267904 1
1410 -0.539293 0.184613 1
1411 -1.06869 0.177771 1
1412 -1.06869 0.26868 1
1413 -1.60304 0.182677 1
1414 -2.13739 0.177771 1
1415 -2.13739 0.26868 1
1416 -2.67174 0.182677 1
1417 -3.20608 0.177771 1
1418 -3.20608 0.26868 1
1419 -3.74043 0.182677 1
1420 -4.27478 0.177771 1
1421 -4.27478 0.26868 1
1422 -4.80912 0.182677 1
1423 -5.34347 0.177771 1
1424 -5.34347 0.26868 1
1425 -5.87782 0.181818 1
1426 1.07364 0.36111 1
1427 1.06877 0.449722 1
1428 0.529401 0.366431 1
1429 -5.84559e-11 0.359589 1
1430 -8.58539e-10 0.450498 1
1431 -0.534347 0.364495 1
1432 -1.06869 0.359589 1
1433 -1.06869 0.450498 1
1434 -1.60304 0.364495 1
1435 -2.13739 0.359589 1
1436 -2.13739 0.450498 1
1437 -2.67174 0.364495 1
1438 -3.20608 0.359589 1
1439 -3.20608 0.450498 1
1440 -3.74043 0.364495 1
1441 -4.27478 0.359589 1
1442 -4.27478 0.450498 1
1443 -4.80912 0.364495 1
1444 -5.34347 0.359589 1
1445 -5.34347 0.450498 1
1446 -5.87782 0.363636 1
1447 2.14233 0.542928 1
1448 2.13746 0.631541 1
1449 1.5981 0.54825 1
1450 1.06869 0.541408 1
1451 1.06869 0.632317 1
1452 0.534347 0.546313 1
1453 -5.8456e-11 0.541408 1
1454 -8.58538e-10 0.632317 1
1455 -0.534347 0.546313 1
1456 -1.06869 0.541408 1
1457 -1.06869 0.632317 1
1458 -1.60304 0.546313 1
1459 -2.13739 0.541408 1
1460 -2.13739 0.632317 1
1461 -2.67174 0.546313 1
1462 -3.20608 0.541408 1
1463 -3.20608 0.632317 1
1464 -3.74043 0.546313 1
1465 -4.27478 0.541408 1
1466 -4.27478 0.632317 1
1467 -4.80912 0.546313 1
1468 -5.34347 0.541428 1
1469 -5.34307 0.633204 1
1470 -5.87782 0.545454 1
1471 3.21103 0.724751 1
1472 3.20875 0.817307 1
1473 2.66679 0.730074 1
1474 2.13739 0.72323 1
1475 2.13999 0.81798 1
1476 1.60304 0.728137 1
1477 1.06869 0.72323 1
1478 1.0713 0.81798 1
1479 0.534347 0.728137 1
1480 -5.84196e-11 0.72323 1
1481 0.00260323 0.81798 1
1482 -0.534347 0.728137 1
1483 -1.06869 0.72323 1
1484 -1.06609 0.81798 1
1485 -1.60304 0.728137 1
1486 -2.13739 0.72323 1
1487 -2.13478 0.81798 1
1488 -2.67174 0.728137 1
1489 -3.20608 0.72323 1
1490 -3.20348 0.81798 1
1491 -3.74043 0.728137 1
1492 -4.27478 0.72323 1
1493 -4.27478 0.815739 1
1494 -4.80825 0.730665 1
1495 -5.33467 0.735084 1
1496 -5.45069 0.812539 1
1497 -5.87782 0.727273 1
1498 4.27493 0.909594 1
1499 4.27478 1 1
1500 3.20195 0.913844 1
1501 3.13929 1 1
1502 2.67174 0.911594 1
1503 2.13326 0.913844 1
1504 2.07059 1 1
1505 1.60304 0.911594 1
1506 1.06456 0.913844 1
1507 1.0019 1 1
1508 0.534347 0.911594 1
1509 -0.00412904 0.913844 1
1510 -0.0667934 1 1
1511 -0.534347 0.911594 1
1512 -1.07282 0.913844 1
1513 -1.13549 1 1
1514 -1.60304 0.911594 1
1515 -2.14152 0.913844 1
1516 -2.20418 1 1
1517 -2.67174 0.911594 1
1518 -3.21021 0.913844 1
1519 -3.27288 1 1
1520 -3.74043 0.911594 1
1521 -4.27478 0.912971 1
1522 -4.27478 1 1
1523 -4.8178 0.912591 1
1524 -5.4624 0.904953 1
1525 4.07944 1 0.842626
1526 4.15078 1 0.745351
1527 3.01377 1 0.656214
1528 3.08701 1 0.562329
1529 1.94539 1 0.47363
1530 2.01833 1 0.380299
1531 0.876699 1 0.291812
1532 0.949633 1 0.198481
1533 -0.191995 1 0.109994
1534 -0.119061 1 0.0166627
1535 -1.26069 1 -0.0718244
1536 -1.18775 1 -0.165155
1537 -2.32938 1 -0.253642
1538 -2.25645 1 -0.346973
1539 -3.39808 1 -0.43546
1540 -3.32162 1 -0.532327
1541 -4.46713 1 -0.62057
1542 -4.38851 1 -0.714899
1543 4.28616 1 0.914248
1544 3.69268 1 0.90898
1545 3.07587 1 0.759152
1546 2.96801 1 0.841964
1547 3.20425 1 0.904535
1548 2.66325 1 0.898396
1549 2.01855 1 0.564615
1550 1.53353 1 0.547123
1551 1.94361 1 0.655181
1552 2.01954 1 0.756829
1553 1.52397 1 0.7253
1554 1.90237 1 0.838677
1555 2.13661 1 0.905295
1556 1.59481 1 0.899773
1557 0.954655 1 0.381752
1558 0.468256 1 0.407936
1559 0.942991 1 0.471965
1560 0.467097 1 0.541451
1561 0.876835 1 0.65689
1562 0.950709 1 0.756928
1563 0.470348 1 0.774649
1564 0.833673 1 0.838681
1565 1.06791 1 0.905295
1566 0.52585 1 0.898398
1567 -0.114039 1 0.199934
1568 -0.600438 1 0.226118
1569 -0.125644 1 0.290143
1570 -0.601595 1 0.358234
1571 -0.132269 1 0.475728
1572 -0.601704 1 0.54706
1573 -0.191859 1 0.65689
1574 -0.117985 1 0.756928
1575 -0.605945 1 0.681652
1576 -0.235021 1 0.838681
1577 -0.000782475 1 0.905295
1578 -0.542577 1 0.899773
1579 -1.18273 1 0.0181159
1580 -1.66913 1 0.0442999
1581 -1.19434 1 0.108325
1582 -1.67029 1 0.176416
1583 -1.15377 1 0.309974
1584 -1.66628 1 0.359138
1585 -1.20096 1 0.475728
1586 -1.6703 1 0.542852
1587 -1.26055 1 0.65689
1588 -1.18668 1 0.756928
1589 -1.66704 1 0.774649
1590 -1.30371 1 0.838681
1591 -1.06948 1 0.905295
1592 -1.61154 1 0.898398
1593 -2.25143 1 -0.163702
1594 -2.73783 1 -0.137518
1595 -2.26303 1 -0.0734931
1596 -2.73899 1 -0.0054023
1597 -2.22247 1 0.128156
1598 -2.73497 1 0.17732
1599 -2.21903 1 0.306907
1600 -2.739 1 0.359635
1601 -2.26966 1 0.475728
1602 -2.73909 1 0.54706
1603 -2.32925 1 0.65689
1604 -2.25537 1 0.756928
1605 -2.74333 1 0.681652
1606 -2.37241 1 0.838681
1607 -2.13817 1 0.905295
1608 -2.67997 1 0.899773
1609 -3.32012 1 -0.34552
1610 -3.80652 1 -0.319336
1611 -3.33173 1 -0.255311
1612 -3.80768 1 -0.18722
1613 -3.29116 1 -0.0536617
1614 -3.80367 1 -0.00449766
1615 -3.28773 1 0.125089
1616 -3.80769 1 0.177816
1617 -3.29116 1 0.309974
1618 -3.80367 1 0.359138
1619 -3.33835 1 0.475728
1620 -3.80769 1 0.542852
1621 -3.39794 1 0.65689
1622 -3.32407 1 0.756928
1623 -3.80443 1 0.774649
1624 -3.4411 1 0.838681
1625 -3.20687 1 0.905295
1626 -3.74893 1 0.898398
1627 -4.38883 1 -0.52372
1628 -4.8763 1 -0.546565
1629 -4.40478 1 -0.43602
1630 -4.87639 1 -0.367634
1631 -4.35018 1 -0.235628
1632 -4.87626 1 -0.183
1633 -4.35985 1 -0.0536616
1634 -4.87639 1 -0.00399707
1635 -4.35018 1 0.128008
1636 -4.87626 1 0.180636
1637 -4.35985 1 0.309974
1638 -4.87639 1 0.361038
1639 -4.40705 1 0.475728
1640 -4.8729 1 0.591433
1641 -4.46537 1 0.660679
1642 -4.38702 1 0.757512
1643 -4.80295 1 0.724431
1644 -4.51621 1 0.835694
1645 -4.27295 1 0.902935
1646 -5.48028 1 -0.703283
1647 -5.5148 1 -0.607951
1648 -5.426 1 -0.415159
1649 -5.426 1 -0.233341
1650 -5.426 1 -0.0515232
1651 -5.426 1 0.130295
1652 -5.47139 1 0.296305
1653 -5.52827 1 0.475385
1654 -5.51811 1 0.571924
1655 -5.58122 1 0.664458
1656 -5.33991 1 0.722486
1657 -5.32991 1 0.820131
1658 -5.33347 1 0.92083
1659 -5.51709 -0.872855 -1
1660 -5.34246 -0.724905 -1
1661 -5.32853 -0.817423 -1
1662 -5.34347 -0.541462 -1
1663 -5.34344 -0.632943 -1
1664 -5.34347 -0.359589 -1
1665 -5.34347 -0.450498 -1
1666 -5.34347 -0.177771 -1
1667 -5.34347 -0.26868 -1
1668 -5.34347 0.00404698 -1
1669 -5.34347 -0.086862 -1
1670 -5.34347 0.185865 -1
1671 -5.34347 0.094956 -1
1672 -5.34347 0.367683 -1
1673 -5.34347 0.276774 -1
1674 -5.34353 0.549535 -1
1675 -5.34347 0.458592 -1
1676 -5.3455 0.642074 -1
1677 -4.82144 -0.910125 -1
1678 -4.27478 -0.90763 -1
1679 -4.27478 -1 -1
1680 -4.80913 -0.72616 -1
1681 -4.27478 -0.72323 -1
1682 -4.27478 -0.814328 -1
1683 -3.74043 -0.910955 -1
1684 -3.20546 -0.912403 -1
1685 -3.27288 -1 -1
1686 -4.80912 -0.544474 -1
1687 -4.27478 -0.541408 -1
1688 -4.27478 -0.632317 -1
1689 -3.74043 -0.726297 -1
1690 -3.20608 -0.72323 -1
1691 -3.20603 -0.814411 -1
1692 -2.67174 -0.910955 -1
1693 -2.13677 -0.912403 -1
1694 -2.20418 -1 -1
1695 -4.80912 -0.362655 -1
1696 -4.27478 -0.359589 -1
1697 -4.27478 -0.450498 -1
1698 -3.74043 -0.544474 -1
1699 -3.20608 -0.541408 -1
1700 -3.20608 -0.632317 -1
1701 -2.67174 -0.726297 -1
1702 -2.13739 -0.72323 -1
1703 -2.13733 -0.814411 -1
1704 -1.60304 -0.910955 -1
1705 -1.06807 -0.912403 -1
1706 -1.13549 -1 -1
1707 -4.80912 -0.180837 -1
1708 -4.27478 -0.177771 -1
1709 -4.27478 -0.26868 -1
1710 -3.74043 -0.362655 -1
1711 -3.20608 -0.359589 -1
1712 -3.20608 -0.450498 -1
1713 -2.67174 -0.544474 -1
1714 -2.13739 -0.541408 -1
1715 -2.13739 -0.632317 -1
1716 -1.60304 -0.726297 -1
1717 -1.06869 -0.72323 -1
1718 -1.06864 -0.814411 -1
1719 -0.534347 -0.910955 -1
1720 0.000622866 -0.912403 -1
1721 -0.0667934 -1 -1
1722 -4.80912 0.000980821 -1
1723 -4.27478 0.00404697 -1
1724 -4.27478 -0.086862 -1
1725 -3.74043 -0.180837 -1
1726 -3.20608 -0.177771 -1
1727 -3.20608 -0.26868 -1
1728 -2.67174 -0.362655 -1
1729 -2.13739 -0.359589 -1
1730 -2.13739 -0.450498 -1
1731 -1.60304 -0.544474 -1
1732 -1.06869 -0.541408 -1
1733 -1.06869 -0.632317 -1
1734 -0.534347 -0.726297 -1
1735 -5.84196e-11 -0.72323 -1
1736 5.48047e-05 -0.814411 -1
1737 0.534347 -0.910955 -1
1738 1.06932 -0.912403 -1
1739 1.0019 -1 -1
1740 -4.80912 0.182799 -1
1741 -4.27478 0.185865 -1
1742 -4.27478 0.094956 -1
1743 -3.74043 0.000980821 -1
1744 -3.20608 0.004047 -1
1745 -3.20608 -0.086862 -1
1746 -2.67174 -0.180837 -1
1747 -2.13739 -0.177771 -1
1748 -2.13739 -0.26868 -1
1749 -1.60304 -0.362655 -1
1750 -1.06869 -0.359589 -1
1751 -1.06869 -0.450498 -1
1752 -0.534347 -0.544474 -1
1753 -5.8456e-11 -0.541408 -1
1754 -8.58538e-10 -0.632317 -1
1755 0.534347 -0.726297 -1
1756 1.06869 -0.72323 -1
1757 1.06875 -0.814411 -1
1758 1.60304 -0.910955 -1
1759 2.13801 -0.912403 -1
1760 2.07059 -1 -1
1761 -4.80912 0.364617 -1
1762 -4.27478 0.367683 -1
1763 -4.27478 0.276774 -1
1764 -3.74043 0.182799 -1
1765 -3.20608 0.185865 -1
1766 -3.20608 0.094956 -1
1767 -2.67174 0.000980822 -1
1768 -2.13739 0.00404698 -1
1769 -2.13739 -0.086862 -1
1770 -1.60304 -0.180837 -1
1771 -1.06869 -0.177771 -1
1772 -1.06869 -0.26868 -1
1773 -0.534347 -0.362655 -1
1774 -5.84559e-11 -0.359589 -1
1775 -8.58539e-10 -0.450498 -1
1776 0.534347 -0.544474 -1
1777 1.06869 -0.541408 -1
1778 1.06869 -0.632317 -1
1779 1.60304 -0.726297 -1
1780 2.13739 -0.72323 -1
1781 2.13744 -0.814411 -1
1782 2.67174 -0.910955 -1
1783 3.20671 -0.912403 -1
1784 3.13929 -1 -1
1785 -4.80912 0.546443 -1
1786 -4.26983 0.547981 -1
1787 -4.2747 0.459368 -1
1788 -3.74043 0.364625 -1
1789 -3.20114 0.366162 -1
1790 -3.20601 0.27755 -1
1791 -2.67174 0.182807 -1
1792 -2.13244 0.184344 -1
1793 -2.13731 0.095732 -1
1794 -1.60304 0.000988683 -1
1795 -1.06375 0.00252618 -1
1796 -1.06862 -0.086086 -1
1797 -0.534347 -0.180829 -1
1798 0.00494602 -0.179292 -1
1799 7.4733e-05 -0.267904 -1
1800 0.534347 -0.362647 -1
1801 1.07364 -0.36111 -1
1802 1.06877 -0.449722 -1
1803 1.60304 -0.544466 -1
1804 2.14233 -0.542928 -1
1805 2.13746 -0.631541 -1
1806 2.67174 -0.726289 -1
1807 3.21103 -0.724751 -1
1808 3.20621 -0.813635 -1
1809 3.74043 -0.910947 -1
1810 4.27553 -0.914108 -1
1811 4.20798 -1 -1
1812 -4.81407 0.727584 -1
1813 -4.2747 0.633761 -1
1814 -3.74538 0.545701 -1
1815 -3.20601 0.451942 -1
1816 -2.67668 0.363883 -1
1817 -2.13731 0.270124 -1
1818 -1.60799 0.182065 -1
1819 -1.06862 0.0883057 -1
1820 -0.539293 0.000246786 -1
1821 7.47327e-05 -0.0935123 -1
1822 0.529401 -0.181571 -1
1823 1.06877 -0.27533 -1
1824 1.5981 -0.363389 -1
1825 2.13746 -0.457148 -1
1826 2.66679 -0.545208 -1
1827 3.20616 -0.638968 -1
1828 3.73548 -0.727031 -1
1829 4.27498 -0.820267 -1
1830 4.80797 -0.912916 -1
1831 5.87782 -0.865614 -0.910103
1832 5.87782 -0.730195 -0.909179
1833 5.87782 -0.545454 -0.909091
1834 5.87782 -0.636364 -0.909091
1835 5.87782 -0.363636 -0.909091
1836 5.87782 -0.454545 -0.909091
1837 5.87782 -0.181818 -0.909091
1838 5.87782 -0.272727 -0.909091
1839 5.87782 0 -0.909091
1840 5.87782 -0.090909 -0.909091
1841 5.87782 0.181818 -0.909091
1842 5.87782 0.090909 -0.909091
1843 5.87782 0.363636 -0.909091
1844 5.87782 0.272727 -0.909091
1845 5.87782 0.545454 -0.909091
1846 5.87782 0.454545 -0.909091
1847 5.87782 0.727273 -0.909091
1848 5.87782 0.636364 -0.909091
1849 5.87782 -0.912936 -0.818617
1850 5.87782 -0.909168 -0.727348
1851 5.87782 -0.727273 -0.818182
1852 5.87782 -0.727273 -0.727273
1853 5.87782 -0.818182 -0.727273
1854 5.87782 -0.909091 -0.636364
1855 5.87782 -0.909091 -0.545454
1856 5.87782 -0.545454 -0.818182
1857 5.87782 -0.545454 -0.727273
1858 5.87782 -0.636364 -0.727273
1859 5.87782 -0.727273 -0.636364
1860 5.87782 -0.727273 -0.545454
1861 5.87782 -0.818182 -0.545454
1862 5.87782 -0.909091 -0.454545
1863 5.87782 -0.909091 -0.363636
1864 5.87782 -0.363636 -0.818182
1865 5.87782 -0.363636 -0.727273
1866 5.87782 -0.454545 -0.727273
1867 5.87782 -0.545454 -0.636364
1868 5.87782 -0.545454 -0.545454
1869 5.87782 -0.636364 -0.545454
1870 5.87782 -0.727273 -0.454545
1871 5.87782 -0.727273 -0.363636
1872 5.87782 -0.818182 -0.363636
1873 5.87782 -0.909091 -0.272727
1874 5.87782 -0.909091 -0.181818
1875 5.87782 -0.181818 -0.818182
1876 5.87782 -0.181818 -0.727273
1877 5.87782 -0.272727 -0.727273
1878 5.87782 -0.363636 -0.636364
1879 5.87782 -0.363636 -0.545454
1880 5.87782 -0.454545 -0.545454
1881 5.87782 -0.545454 -0.454545
1882 5.87782 -0.545454 -0.363636
1883 5.87782 -0.636364 -0.363636
1884 5.87782 -0.727273 -0.272727
1885 5.87782 -0.727273 -0.181818
1886 5.87782 -0.818182 -0.181818
1887 5.87782 -0.909091 -0.090909
1888 5.87782 -0.909091 0
1889 5.87782 0 -0.818182
1890 5.87782 0 -0.727273
1891 5.87782 -0.090909 -0.727273
1892 5.87782 -0.181818 -0.636364
1893 5.87782 -0.181818 -0.545454
1894 5.87782 -0.272727 -0.545454
1895 5.87782 -0.363636 -0.454545
1896 5.87782 -0.363636 -0.363636
1897 5.87782 -0.454545 -0.363636
1898 5.87782 -0.545454 -0.272727
1899 5.87782 -0.545454 -0.181818
1900 5.87782 -0.636364 -0.181818
1901 5.87782 -0.727273 -0.090909
1902 5.87782 -0.727273 0
1903 5.87782 -0.818182 0
1904 5.87782 -0.909091 0.090909
1905 5.87782 -0.909091 0.181818
1906 5.87782 0.181818 -0.818182
1907 5.87782 0.181818 -0.727273
1908 5.87782 0.090909 -0.727273
1909 5.87782 0 -0.636364
1910 5.87782 0 -0.545454
1911 5.87782 -0.090909 -0.545454
1912 5.87782 -0.181818 -0.454545
1913 5.87782 -0.181818 -0.363636
1914 5.87782 -0.272727 -0.363636
1915 5.87782 -0.363636 -0.272727
1916 5.87782 -0.363636 -0.181818
1917 5.87782 -0.454545 -0.181818
1918 5.87782 -0.545454 -0.090909
1919 5.87782 -0.545454 0
1920 5.87782 -0.636364 0
1921 5.87782 -0.727273 0.090909
1922 5.87782 -0.727273 0.181818
1923 5.87782 -0.818182 0.181818
1924 5.87782 -0.909091 0.272727
1925 5.87782 -0.909091 0.363636
1926 5.87782 0.363636 -0.818182
1927 5.87782 0.363636 -0.727273
1928 5.87782 0.272727 -0.727273
1929 5.87782 0.181818 -0.636364
1930 5.87782 0.181818 -0.545454
1931 5.87782 0.090909 -0.545454
1932 5.87782 0 -0.454545
1933 5.87782 0 -0.363636
1934 5.87782 -0.090909 -0.363636
1935 5.87782 -0.181818 -0.272727
1936 5.87782 -0.181818 -0.181818
1937 5.87782 -0.272727 -0.181818
1938 5.87782 -0.363636 -0.090909
1939 5.87782 -0.363636 0
1940 5.87782 -0.454545 0
1941 5.87782 -0.545454 0.090909
1942 5.87782 -0.545454 0.181818
1943 5.87782 -0.636364 0.181818
1944 5.87782 -0.727273 0.272727
1945 5.87782 -0.727273 0.363636
1946 5.87782 -0.818182 0.363636
1947 5.87782 -0.909091 0.454545
1948 5.87782 -0.909091 0.545454
1949 5.87782 0.545454 -0.818182
1950 5.87782 0.545454 -0.727273
1951 5.87782 0.454545 -0.727273
1952 5.87782 0.363636 -0.636364
1953 5.87782 0.363636 -0.545454
1954 5.87782 0.272727 -0.545454
1955 5.87782 0.181818 -0.454545
1956 5.87782 0.181818 -0.363636
1957 5.87782 0.090909 -0.363636
1958 5.87782 0 -0.272727
1959 5.87782 0 -0.181818
1960 5.87782 -0.090909 -0.181818
1961 5.87782 -0.181818 -0.090909
1962 5.87782 -0.181818 0
1963 5.87782 -0.272727 0
1964 5.87782 -0.363636 0.090909
1965 5.87782 -0.363636 0.181818
1966 5.87782 -0.454545 0.181818
1967 5.87782 -0.545454 0.272727
1968 5.87782 -0.545454 0.363636
1969 5.87782 -0.636364 0.363636
1970 5.87782 -0.727273 0.454545
1971 5.87782 -0.727273 0.545454
1972 5.87782 -0.818182 0.545454
1973 5.87782 -0.909091 0.636364
1974 5.87782 -0.909091 0.727273
1975 5.87782 0.727273 -0.818182
1976 5.87782 0.636364 -0.727273
1977 5.87782 0.545454 -0.636364
1978 5.87782 0.454545 -0.545454
1979 5.87782 0.363636 -0.454545
1980 5.87782 0.272727 -0.363636
1981 5.87782 0.181818 -0.272727
1982 5.87782 0.090909 -0.181818
1983 5.87782 0 -0.090909
1984 5.87782 -0.090909 0
1985 5.87782 -0.181818 0.090909
1986 5.87782 -0.272727 0.181818
1987 5.87782 -0.363636 0.272727
1988 5.87782 -0.454545 0.363636
1989 5.87782 -0.545454 0.454545
1990 5.87782 -0.636364 0.545454
1991 5.87782 -0.727273 0.636364
1992 5.87782 -0.818182 0.727273
1993 5.87782 -0.909091 0.818182
1994 -5.36743 -1 -0.907807
1995 -5.87782 -1 -0.909091
1996 -4.15374 -1 -0.89101
1997 -4.71039 -1 -0.90606
1998 -3.08733 -1 -0.889755
1999 -3.80739 -1 -0.905985
2000 -2.01863 -1 -0.889755
2001 -2.73869 -1 -0.905985
2002 -0.949938 -1 -0.889755
2003 -1.67 -1 -0.905985
2004 0.118756 -1 -0.889755
2005 -0.601304 -1 -0.905985
2006 1.18745 -1 -0.889755
2007 0.46739 -1 -0.905985
2008 2.25237 -1 -0.892278
2009 1.53608 -1 -0.905985
2010 3.35965 -1 -0.905199
2011 2.601 -1 -0.901421
2012 4.38769 -1 -0.850684
2013 3.67836 -1 -0.899605
2014 -5.08379 -1 -0.855889
2015 -5.26643 -1 -0.700278
2016 -5.87782 -1 -0.727273
2017 -4.10974 -1 -0.795508
2018 -4.18199 -1 -0.703684
2019 -4.84362 -1 -0.741156
2020 -5.11701 -1 -0.627177
2021 -5.45294 -1 -0.513395
2022 -5.87782 -1 -0.545454
2023 -3.04075 -1 -0.794646
2024 -3.11311 -1 -0.703031
2025 -3.78206 -1 -0.72553
2026 -4.10689 -1 -0.612078
2027 -4.18184 -1 -0.520967
2028 -4.85286 -1 -0.547314
2029 -5.16101 -1 -0.438966
2030 -5.35052 -1 -0.299895
2031 -5.87782 -1 -0.363636
2032 -1.97206 -1 -0.794646
2033 -2.04441 -1 -0.703031
2034 -2.71337 -1 -0.72553
2035 -3.0382 -1 -0.612077
2036 -3.11314 -1 -0.520967
2037 -3.78486 -1 -0.546872
2038 -4.1069 -1 -0.430259
2039 -4.18184 -1 -0.339149
2040 -4.85565 -1 -0.366326
2041 -5.16885 -1 -0.257103
2042 -5.35051 -1 -0.117993
2043 -5.87782 -1 -0.181818
2044 -0.903366 -1 -0.794646
2045 -0.975716 -1 -0.703031
2046 -1.64467 -1 -0.72553
2047 -1.96951 -1 -0.612077
2048 -2.04445 -1 -0.520967
2049 -2.71617 -1 -0.546872
2050 -3.0382 -1 -0.430259
2051 -3.11314 -1 -0.339149
2052 -3.78486 -1 -0.365053
2053 -4.1069 -1 -0.248441
2054 -4.18184 -1 -0.157331
2055 -4.85072 -1 -0.180811
2056 -5.16884 -1 -0.0752136
2057 -5.35051 -1 0.0638254
2058 -5.87782 -1 0
2059 0.165328 -1 -0.794646
2060 0.0929775 -1 -0.703031
2061 -0.575979 -1 -0.72553
2062 -0.900813 -1 -0.612077
2063 -0.975752 -1 -0.520967
2064 -1.64747 -1 -0.546872
2065 -1.96951 -1 -0.430259
2066 -2.04445 -1 -0.339149
2067 -2.71617 -1 -0.365053
2068 -3.0382 -1 -0.248441
2069 -3.11314 -1 -0.157331
2070 -3.78486 -1 -0.183235
2071 -4.1069 -1 -0.0666226
2072 -4.18184 -1 0.0244876
2073 -4.85072 -1 0.00100729
2074 -5.16884 -1 0.106604
2075 -5.35051 -1 0.245643
2076 -5.87782 -1 0.181818
2077 1.23402 -1 -0.794646
2078 1.16168 -1 -0.70303
2079 0.492715 -1 -0.72553
2080 0.167881 -1 -0.612077
2081 0.0929456 -1 -0.520966
2082 -0.57878 -1 -0.546872
2083 -0.900813 -1 -0.430259
2084 -0.975749 -1 -0.339148
2085 -1.64747 -1 -0.365053
2086 -1.96951 -1 -0.248441
2087 -2.04444 -1 -0.15733
2088 -2.71617 -1 -0.183235
2089 -3.0382 -1 -0.0666225
2090 -3.11314 -1 0.0244881
2091 -3.78486 -1 -0.00141732
2092 -4.1069 -1 0.115196
2093 -4.18183 -1 0.206306
2094 -4.85072 -1 0.182825
2095 -5.16884 -1 0.288423
2096 -5.35044 -1 0.427478
2097 -5.87782 -1 0.363636
2098 2.30744 -1 -0.795234
2099 2.26388 -1 -0.703563
2100 1.56941 -1 -0.726899
2101 1.23503 -1 -0.614026
2102 0.496883 -1 -0.544691
2103 0.166336 -1 -0.432208
2104 -0.571809 -1 -0.362873
2105 -0.902358 -1 -0.250389
2106 -1.6405 -1 -0.181055
2107 -1.97105 -1 -0.0685714
2108 -2.7092 -1 0.000763465
2109 -3.03975 -1 0.113247
2110 -3.77789 -1 0.182582
2111 -4.10844 -1 0.295065
2112 -4.84734 -1 0.366541
2113 -5.16861 -1 0.470287
2114 -5.34344 -1 0.600334
2115 -5.87782 -1 0.545454
2116 3.39016 -1 -0.800008
2117 3.27727 -1 -0.72875
2118 2.69584 -1 -0.710036
2119 2.2103 -1 -0.5798
2120 1.58024 -1 -0.54255
2121 1.13515 -1 -0.368232
2122 0.511548 -1 -0.360731
2123 0.0664544 -1 -0.186414
2124 -0.557146 -1 -0.178913
2125 -1.00224 -1 -0.00459613
2126 -1.62584 -1 0.00290551
2127 -2.07093 -1 0.177222
2128 -2.69454 -1 0.184724
2129 -3.13963 -1 0.35904
2130 -3.76323 -1 0.366542
2131 -4.20831 -1 0.540856
2132 -4.8232 -1 0.553173
2133 -5.14464 -1 0.667618
2134 -5.28851 -1 0.761755
2135 -5.87782 -1 0.727273
2136 3.84936 -1 -0.700763
2137 3.4503 -1 -0.614931
2138 2.78125 -1 -0.520855
2139 2.38162 -1 -0.433061
2140 1.71255 -1 -0.339037
2141 1.31292 -1 -0.251243
2142 0.643858 -1 -0.157219
2143 0.24423 -1 -0.0694254
2144 -0.424836 -1 0.024599
2145 -0.824464 -1 0.112393
2146 -1.49353 -1 0.206417
2147 -1.89316 -1 0.294211
2148 -2.56223 -1 0.388235
2149 -2.96185 -1 0.476029
2150 -3.63092 -1 0.570053
2151 -4.03051 -1 0.657838
2152 -4.68078 -1 0.746914
2153 -5.17553 -1 0.806743
2154 -5.87782 -1 0.909091
2155 -5.87782 -0.86647 0.910079
2156 -5.87782 -0.73023 0.909128
2157 -5.87782 -0.545454 0.909091
2158 -5.87782 -0.636364 0.909091
2159 -5.87782 -0.363636 0.909091
2160 -5.87782 -0.454545 0.909091
2161 -5.87782 -0.181818 0.909091
2162 -5.87782 -0.272727 0.909091
2163 -5.87782 0 0.909091
2164 -5.87782 -0.090909 0.909091
2165 -5.87782 0.181818 0.909091
2166 -5.87782 0.090909 0.909091
2167 -5.87782 0.363636 0.909091
2168 -5.87782 0.272727 0.909091
2169 -5.87782 0.545454 0.909091
2170 -5.87782 0.454545 0.909091
2171 -5.87782 0.727273 0.909091
2172 -5.87782 0.636364 0.909091
2173 -5.87782 -0.913517 0.818219
2174 -5.87782 -0.909094 0.727273
2175 -5.87782 -0.727273 0.818182
2176 -5.87782 -0.727273 0.727273
2177 -5.87782 -0.818182 0.727273
2178 -5.87782 -0.909091 0.636364
2179 -5.87782 -0.909091 0.545454
2180 -5.87782 -0.545454 0.818182
2181 -5.87782 -0.545454 0.727273
2182 -5.87782 -0.636364 0.727273
2183 -5.87782 -0.727273 0.636364
2184 -5.87782 -0.727273 0.545454
2185 -5.87782 -0.818182 0.545454
2186 -5.87782 -0.909091 0.454545
2187 -5.87782 -0.909091 0.363636
2188 -5.87782 -0.363636 0.818182
2189 -5.87782 -0.363636 0.727273
2190 -5.87782 -0.454545 0.727273
2191 -5.87782 -0.545454 0.636364
2192 -5.87782 -0.545454 0.545454
2193 -5.87782 -0.636364 0.545454
2194 -5.87782 -0.727273 0.454545
2195 -5.87782 -0.727273 0.363636
2196 -5.87782 -0.818182 0.363636
2197 -5.87782 -0.909091 0.272727
2198 -5.87782 -0.909091 0.181818
2199 -5.87782 -0.181818 0.818182
2200 -5.87782 -0.181818 0.727273
2201 -5.87782 -0.272727 0.727273
2202 -5.87782 -0.363636 0.636364
2203 -5.87782 -0.363636 0.545454
2204 -5.87782 -0.454545 0.545454
2205 -5.87782 -0.545454 0.454545
2206 -5.87782 -0.545454 0.363636
2207 -5.87782 -0.636364 0.363636
2208 -5.87782 -0.727273 0.272727
2209 -5.87782 -0.727273 0.181818
2210 -5.87782 -0.818182 0.181818
2211 -5.87782 -0.909091 0.090909
2212 -5.87782 -0.909091 0
2213 -5.87782 0 0.818182
2214 -5.87782 0 0.727273
2215 -5.87782 -0.090909 0.727273
2216 -5.87782 -0.181818 0.636364
2217 -5.87782 -0.181818 0.545454
2218 -5.87782 -0.272727 0.545454
2219 -5.87782 -0.363636 0.454545
2220 -5.87782 -0.363636 0.363636
2221 -5.87782 -0.454545 0.363636
2222 -5.87782 -0.545454 0.272727
2223 -5.87782 -0.545454 0.181818
2224 -5.87782 -0.636364 0.181818
2225 -5.87782 -0.727273 0.090909
2226 -5.87782 -0.727273 0
2227 -5.87782 -0.818182 0
2228 -5.87782 -0.909091 -0.090909
2229 -5.87782 -0.909091 -0.181818
2230 -5.87782 0.181818 0.818182
2231 -5.87782 0.181818 0.727273
2232 -5.87782 0.090909 0.727273
2233 -5.87782 0 0.636364
2234 -5.87782 0 0.545454
2235 -5.87782 -0.090909 0.545454
2236 -5.87782 -0.181818 0.454545
2237 -5.87782 -0.181818 0.363636
2238 -5.87782 -0.272727 0.363636
2239 -5.87782 -0.363636 0.272727
2240 -5.87782 -0.363636 0.181818
2241 -5.87782 -0.454545 0.181818
2242 -5.87782 -0.545454 0.090909
2243 -5.87782 -0.545454 0
2244 -5.87782 -0.636364 0
2245 -5.87782 -0.727273 -0.090909
2246 -5.87782 -0.727273 -0.181818
2247 -5.87782 -0.818182 -0.181818
2248 -5.87782 -0.909091 -0.272727
2249 -5.87782 -0.909091 -0.363636
2250 -5.87782 0.363636 0.818182
2251 -5.87782 0.363636 0.727273
2252 -5.87782 0.272727 0.727273
2253 -5.87782 0.181818 0.636364
2254 -5.87782 0.181818 0.545454
2255 -5.87782 0.090909 0.545454
2256 -5.87782 0 0.454545
2257 -5.87782 0 0.363636
2258 -5.87782 -0.090909 0.363636
2259 -5.87782 -0.181818 0.272727
2260 -5.87782 -0.181818 0.181818
2261 -5.87782 -0.272727 0.181818
2262 -5.87782 -0.363636 0.090909
2263 -5.87782 -0.363636 0
2264 -5.87782 -0.454545 0
2265 -5.87782 -0.545454 -0.090909
2266 -5.87782 -0.545454 -0.181818
2267 -5.87782 -0.636364 -0.181818
2268 -5.87782 -0.727273 -0.272727
2269 -5.87782 -0.727273 -0.363636
2270 -5.87782 -0.818182 -0.363636
2271 -5.87782 -0.909091 -0.454545
2272 -5.87782 -0.909091 -0.545454
2273 -5.87782 0.545454 0.818182
2274 -5.87782 0.545454 0.727273
2275 -5.87782 0.454545 0.727273
2276 -5.87782 0.363636 0.636364
2277 -5.87782 0.363636 0.545454
2278 -5.87782 0.272727 0.545454
2279 -5.87782 0.181818 0.454545
2280 -5.87782 0.181818 0.363636
2281 -5.87782 0.090909 0.363636
2282 -5.87782 0 0.272727
2283 -5.87782 0 0.181818
2284 -5.87782 -0.090909 0.181818
2285 -5.87782 -0.181818 0.090909
2286 -5.87782 -0.181818 0
2287 -5.87782 -0.272727 0
2288 -5.87782 -0.363636 -0.090909
2289 -5.87782 -0.363636 -0.181818
2290 -5.87782 -0.454545 -0.181818
2291 -5.87782 -0.545454 -0.272727
2292 -5.87782 -0.545454 -0.363636
2293 -5.87782 -0.636364 -0.363636
2294 -5.87782 -0.727273 -0.454545
2295 -5.87782 -0.727273 -0.545454
2296 -5.87782 -0.818182 -0.545454
2297 -5.87782 -0.909091 -0.636364
2298 -5.87782 -0.909091 -0.727273
2299 -5.87782 0.727273 0.818182
2300 -5.87782 0.636364 0.727273
2301 -5.87782 0.545454 0.636364
2302 -5.87782 0.454545 0.545454
2303 -5.87782 0.363636 0.454545
2304 -5.87782 0.272727 0.363636
2305 -5.87782 0.181818 0.272727
2306 -5.87782 0.090909 0.181818
2307 -5.87782 0 0.090909
2308 -5.87782 -0.090909 0
2309 -5.87782 -0.181818 -0.090909
2310 -5.87782 -0.272727 -0.181818
2311 -5.87782 -0.363636 -0.272727
2312 -5.87782 -0.454545 -0.363636
2313 -5.87782 -0.545454 -0.454545
2314 -5.87782 -0.636364 -0.545454
2315 -5.87782 -0.727273 -0.636364
2316 -5.87782 -0.818182 -0.727273
2317 -5.87782 -0.909091 -0.818182
2318 5.51752 -0.871851 1
2319 5.34246 -0.724905 1
2320 5.32853 -0.817423 1
2321 5.34347 -0.541462 1
2322 5.34344 -0.632943 1
2323 5.34347 -0.359589 1
2324 5.34347 -0.450498 1
2325 5.34347 -0.177771 1
2326 5.34347 -0.26868 1
2327 5.34347 0.00404698 1
2328 5.34347 -0.086862 1
2329 5.34347 0.185865 1
2330 5.34347 0.094956 1
2331 5.34347 0.367683 1
2332 5.34347 0.276774 1
2333 5.34347 0.549501 1
2334 5.34347 0.458592 1
2335 5.33852 0.729822 1
2336 5.3434 0.641188 1
2337 4.82154 -0.908404 1
2338 4.28122 -0.909902 1
2339 4.80913 -0.726195 1
2340 4.27479 -0.723357 1
2341 4.27535 -0.816917 1
2342 3.75032 -0.927716 1
2343 3.21102 -0.909902 1
2344 4.80912 -0.544474 1
2345 4.27478 -0.541408 1
2346 4.27478 -0.632317 1
2347 3.74044 -0.72639 1
2348 3.2061 -0.723357 1
2349 3.20669 -0.816917 1
2350 2.68162 -0.927716 1
2351 2.14233 -0.909902 1
2352 4.80912 -0.362655 1
2353 4.27478 -0.359589 1
2354 4.27478 -0.450498 1
2355 3.74043 -0.544474 1
2356 3.20608 -0.541408 1
2357 3.20608 -0.632317 1
2358 2.67175 -0.72639 1
2359 2.1374 -0.723357 1
2360 2.13799 -0.816917 1
2361 1.61293 -0.927716 1
2362 1.07363 -0.909902 1
2363 4.80912 -0.180837 1
2364 4.27478 -0.177771 1
2365 4.27478 -0.26868 1
2366 3.74043 -0.362655 1
2367 3.20608 -0.359589 1
2368 3.20608 -0.450498 1
2369 2.67174 -0.544474 1
2370 2.13739 -0.541408 1
2371 2.13739 -0.632317 1
2372 1.60305 -0.72639 1
2373 1.06871 -0.723357 1
2374 1.0693 -0.816917 1
2375 0.544235 -0.927716 1
2376 0.00493896 -0.909902 1
2377 4.80912 0.000980821 1
2378 4.27478 0.00404697 1
2379 4.27478 -0.086862 1
2380 3.74043 -0.180837 1
2381 3.20608 -0.177771 1
2382 3.20608 -0.26868 1
2383 2.67174 -0.362655 1
2384 2.13739 -0.359589 1
2385 2.13739 -0.450498 1
2386 1.60304 -0.544474 1
2387 1.06869 -0.541408 1
2388 1.06869 -0.632317 1
2389 0.53436 -0.72639 1
2390 1.2382e-05 -0.723357 1
2391 0.000605847 -0.816917 1
2392 -0.524459 -0.927716 1
2393 -1.06376 -0.909902 1
2394 4.80912 0.182799 1
2395 4.27478 0.185865 1
2396 4.27478 0.094956 1
2397 3.74043 0.000980821 1
2398 3.20608 0.004047 1
2399 3.20608 -0.086862 1
2400 2.67174 -0.180837 1
2401 2.13739 -0.177771 1
2402 2.13739 -0.26868 1
2403 1.60304 -0.362655 1
2404 1.06869 -0.359589 1
2405 1.06869 -0.450498 1
2406 0.534347 -0.544474 1
2407 5.8456e-11 -0.541408 1
2408 8.58538e-10 -0.632317 1
2409 -0.534334 -0.72639 1
2410 -1.06868 -0.723357 1
2411 -1.06809 -0.816917 1
2412 -1.59315 -0.927716 1
2413 -2.13245 -0.909902 1
2414 4.80912 0.364617 1
2415 4.27478 0.367683 1
2416 4.27478 0.276774 1
2417 3.74043 0.182799 1
2418 3.20608 0.185865 1
2419 3.20608 0.094956 1
2420 2.67174 0.000980822 1
2421 2.13739 0.00404698 1
2422 2.13739 -0.086862 1
2423 1.60304 -0.180837 1
2424 1.06869 -0.177771 1
2425 1.06869 -0.26868 1
2426 0.534347 -0.362655 1
2427 5.84559e-11 -0.359589 1
2428 8.58539e-10 -0.450498 1
2429 -0.534347 -0.544474 1
2430 -1.06869 -0.541408 1
2431 -1.06869 -0.632317 1
2432 -1.60303 -0.72639 1
2433 -2.13738 -0.723357 1
2434 -2.13678 -0.816917 1
2435 -2.66185 -0.927716 1
2436 -3.20114 -0.909902 1
2437 4.80923 0.549052 1
2438 4.26983 0.547981 1
2439 4.2747 0.459368 1
2440 3.74043 0.364625 1
2441 3.20114 0.366162 1
2442 3.20601 0.27755 1
2443 2.67174 0.182807 1
2444 2.13244 0.184344 1
2445 2.13731 0.095732 1
2446 1.60304 0.000988683 1
2447 1.06375 0.00252618 1
2448 1.06862 -0.086086 1
2449 0.534347 -0.180829 1
2450 -0.00494602 -0.179292 1
2451 -7.4733e-05 -0.267904 1
2452 -0.534347 -0.362647 1
2453 -1.07364 -0.36111 1
2454 -1.06877 -0.449722 1
2455 -1.60304 -0.544466 1
2456 -2.14233 -0.542928 1
2457 -2.13746 -0.631541 1
2458 -2.67172 -0.726382 1
2459 -3.20622 -0.725287 1
2460 -3.20548 -0.816979 1
2461 -4.26668 -0.908323 1
2462 4.2747 0.633761 1
2463 3.74538 0.545701 1
2464 3.20601 0.451942 1
2465 2.67668 0.363883 1
2466 2.13731 0.270124 1
2467 1.60799 0.182065 1
2468 1.06862 0.0883057 1
2469 0.539293 0.000246786 1
2470 -7.47327e-05 -0.0935123 1
2471 -0.529401 -0.181571 1
2472 -1.06877 -0.27533 1
2473 -1.5981 -0.363389 1
2474 -2.13746 -0.457148 1
2475 -2.66679 -0.545208 1
2476 -3.20623 -0.638129 1
2477 -3.73632 -0.735244 1
2478 -4.28028 -0.818733 1
2479 -4.8025 -0.92484 1
2480 5.36743 1 -0.907807
2481 4.15374 1 -0.89101
2482 4.71039 1 -0.90606
2483 3.08733 1 -0.889755
2484 3.80739 1 -0.905985
2485 2.01863 1 -0.889755
2486 2.73869 1 -0.905985
2487 0.949938 1 -0.889755
2488 1.67 1 -0.905985
2489 -0.118756 1 -0.889755
2490 0.601304 1 -0.905985
2491 -1.18745 1 -0.889755
2492 -0.46739 1 -0.905985
2493 -2.25237 1 -0.892278
2494 -1.53608 1 -0.905985
2495 -3.35965 1 -0.905199
2496 -2.601 1 -0.901421
2497 -4.38769 1 -0.850684
2498 -3.67836 1 -0.899605
2499 5.08379 1 -0.855889
2500 5.26643 1 -0.700278
2501 4.10974 1 -0.795508
2502 4.18199 1 -0.703684
2503 4.84362 1 -0.741156
2504 5.11701 1 -0.627177
2505 5.45294 1 -0.513395
2506 3.04075 1 -0.794646
2507 3.11311 1 -0.703031
2508 3.78206 1 -0.72553
2509 4.10689 1 -0.612078
2510 4.18184 1 -0.520967
2511 4.85286 1 -0.547314
2512 5.16101 1 -0.438966
2513 5.35052 1 -0.299895
2514 1.97206 1 -0.794646
2515 2.04441 1 -0.703031
2516 2.71337 1 -0.72553
2517 3.0382 1 -0.612077
2518 3.11314 1 -0.520967
2519 3.78486 1 -0.546872
2520 4.1069 1 -0.430259
2521 4.18184 1 -0.339149
2522 4.85565 1 -0.366326
2523 5.16885 1 -0.257103
2524 5.35051 1 -0.117993
2525 0.903366 1 -0.794646
2526 0.975716 1 -0.703031
2527 1.64467 1 -0.72553
2528 1.96951 1 -0.612077
2529 2.04445 1 -0.520967
2530 2.71617 1 -0.546872
2531 3.0382 1 -0.430259
2532 3.11314 1 -0.339149
2533 3.78486 1 -0.365053
2534 4.1069 1 -0.248441
2535 4.18184 1 -0.157331
2536 4.85072 1 -0.180811
2537 5.16884 1 -0.0752136
2538 5.35051 1 0.0638254
2539 -0.165328 1 -0.794646
2540 -0.0929775 1 -0.703031
2541 0.575979 1 -0.72553
2542 0.900813 1 -0.612077
2543 0.975752 1 -0.520967
2544 1.64747 1 -0.546872
2545 1.96951 1 -0.430259
2546 2.04445 1 -0.339149
2547 2.71617 1 -0.365053
2548 3.0382 1 -0.248441
2549 3.11314 1 -0.157331
2550 3.78486 1 -0.183235
2551 4.1069 1 -0.0666226
2552 4.18184 1 0.0244876
2553 4.85072 1 0.00100729
2554 5.16884 1 0.106604
2555 5.35051 1 0.245643
2556 -1.23402 1 -0.794646
2557 -1.16168 1 -0.70303
2558 -0.492715 1 -0.72553
2559 -0.167881 1 -0.612077
2560 -0.0929456 1 -0.520966
2561 0.57878 1 -0.546872
2562 0.900813 1 -0.430259
2563 0.975749 1 -0.339148
2564 1.64747 1 -0.365053
2565 1.96951 1 -0.248441
2566 2.04444 1 -0.15733
2567 2.71617 1 -0.183235
2568 3.0382 1 -0.0666225
2569 3.11314 1 0.0244881
2570 3.78486 1 -0.00141732
2571 4.1069 1 0.115196
2572 4.18183 1 0.206306
2573 4.85072 1 0.182825
2574 5.16884 1 0.288423
2575 5.35044 1 0.427478
2576 -2.30744 1 -0.795234
2577 -2.26388 1 -0.703563
2578 -1.56941 1 -0.726899
2579 -1.23503 1 -0.614026
2580 -0.496883 1 -0.544691
2581 -0.166336 1 -0.432208
2582 0.571809 1 -0.362873
2583 0.902358 1 -0.250389
2584 1.6405 1 -0.181055
2585 1.97105 1 -0.0685714
2586 2.7092 1 0.000763465
2587 3.03975 1 0.113247
2588 3.77789 1 0.182582
2589 4.10844 1 0.295065
2590 4.84734 1 0.366541
2591 5.16861 1 0.470287
2592 5.34345 1 0.600341
2593 -3.39016 1 -0.800008
2594 -3.27727 1 -0.72875
2595 -2.69584 1 -0.710036
2596 -2.2103 1 -0.5798
2597 -1.58024 1 -0.54255
2598 -1.13515 1 -0.368232
2599 -0.511548 1 -0.360731
2600 -0.0664544 1 -0.186414
2601 0.557146 1 -0.178913
2602 1.00224 1 -0.00459613
2603 1.62584 1 0.00290551
2604 2.07093 1 0.177222
2605 2.69454 1 0.184724
2606 3.13963 1 0.35904
2607 3.76323 1 0.366542
2608 4.20831 1 0.540856
2609 4.82325 1 0.553152
2610 5.14537 1 0.66108
2611 5.282 1 0.771857
2612 -3.84936 1 -0.700763
2613 -3.4503 1 -0.614931
2614 -2.78125 1 -0.520855
2615 -2.38162 1 -0.433061
2616 -1.71255 1 -0.339037
2617 -1.31292 1 -0.251243
2618 -0.643858 1 -0.157219
2619 -0.24423 1 -0.0694254
2620 0.424836 1 0.024599
2621 0.824464 1 0.112393
2622 1.49353 1 0.206417
2623 1.89316 1 0.294211
2624 2.56223 1 0.388235
2625 2.96185 1 0.47603
2626 3.63115 1 0.570053
2627 4.03034 1 0.657932
2628 4.68173 1 0.745041
2629 5.15061 1 0.846987
2630 5.60708 0.874865 1
2631 -5.59859 0.899269 -1
2632 -5.07491 0.931113 -1
2633 5.59859 -0.899269 -1
2634 4.54195 -0.682764 -1
2635 3.47326 -0.500944 -1
2636 2.40456 -0.319126 -1
2637 1.33587 -0.137308 -1
2638 0.267174 0.0445102 -1
2639 -0.80152 0.226328 -1
2640 -1.87021 0.408146 -1
2641 -2.93891 0.589965 -1
2642 -4.00771 0.771959 -1
2643 5.07639 -0.75056 -1
2644 5.61087 -0.671143 -1
2645 4.0076 -0.568573 -1
2646 4.54195 -0.48807 -1
2647 5.0763 -0.567829 -1
2648 5.61064 -0.48959 -1
2649 2.93891 -0.386755 -1
2650 3.47326 -0.306251 -1
2651 4.0076 -0.386011 -1
2652 4.54195 -0.304546 -1
2653 5.0763 -0.38601 -1
2654 5.61064 -0.307771 -1
2655 1.87021 -0.204936 -1
2656 2.40456 -0.124433 -1
2657 2.93891 -0.204193 -1
2658 3.47326 -0.122728 -1
2659 4.0076 -0.204192 -1
2660 4.54195 -0.122728 -1
2661 5.0763 -0.204192 -1
2662 5.61064 -0.125953 -1
2663 0.80152 -0.0231184 -1
2664 1.33587 0.0573846 -1
2665 1.87021 -0.0223747 -1
2666 2.40456 0.0590897 -1
2667 2.93891 -0.0223744 -1
2668 3.47326 0.0590897 -1
2669 4.0076 -0.0223744 -1
2670 4.54195 0.0590897 -1
2671 5.0763 -0.0223744 -1
2672 5.61064 0.0558648 -1
2673 -0.267174 0.1587 -1
2674 0.267174 0.239203 -1
2675 0.80152 0.159443 -1
2676 1.33587 0.240908 -1
2677 1.87021 0.159444 -1
2678 2.40456 0.240908 -1
2679 2.93891 0.159444 -1
2680 3.47326 0.240908 -1
2681 4.0076 0.159444 -1
2682 4.54195 0.240908 -1
2683 5.0763 0.159444 -1
2684 5.61064 0.237683 -1
2685 -1.33587 0.340518 -1
2686 -0.80152 0.421021 -1
2687 -0.267174 0.341261 -1
2688 0.267174 0.422726 -1
2689 0.80152 0.341262 -1
2690 1.33587 0.422726 -1
2691 1.87021 0.341262 -1
2692 2.40456 0.422726 -1
2693 2.93891 0.341262 -1
2694 3.47326 0.422726 -1
2695 4.0076 0.341262 -1
2696 4.54195 0.422726 -1
2697 5.0763 0.341262 -1
2698 5.61064 0.419501 -1
2699 -2.40456 0.522336 -1
2700 -1.87021 0.602839 -1
2701 -1.33587 0.52308 -1
2702 -0.80152 0.604545 -1
2703 -0.267174 0.52308 -1
2704 0.267174 0.604545 -1
2705 0.80152 0.52308 -1
2706 1.33587 0.604545 -1
2707 1.87021 0.52308 -1
2708 2.40456 0.604545 -1
2709 2.93891 0.52308 -1
2710 3.47326 0.604545 -1
2711 4.0076 0.52308 -1
2712 4.54195 0.604545 -1
2713 5.0763 0.52308 -1
2714 5.60995 0.611284 -1
2715 -3.47326 0.704201 -1
2716 -2.93891 0.784907 -1
2717 -2.40456 0.704901 -1
2718 -1.87021 0.786613 -1
2719 -1.33587 0.704901 -1
2720 -0.80152 0.786613 -1
2721 -0.267174 0.704901 -1
2722 0.267174 0.786613 -1
2723 0.80152 0.704901 -1
2724 1.33587 0.786613 -1
2725 1.87021 0.704901 -1
2726 2.40456 0.786613 -1
2727 2.93891 0.704901 -1
2728 3.47326 0.786613 -1
2729 4.0076 0.704901 -1
2730 4.54206 0.786569 -1
2731 5.08413 0.701718 -1
2732 -4.5421 0.887599 -1
2733 -3.47326 0.88839 -1
2734 -2.40471 0.888442 -1
2735 -1.33602 0.888442 -1
2736 -0.267323 0.888442 -1
2737 0.801371 0.888442 -1
2738 1.87007 0.888442 -1
2739 2.93876 0.888442 -1
2740 4.0076 0.888512 -1
2741 5.23607 0.901378 -1
2742 5.08953 0.857544 -1
2743 5.63046 0.943609 -1
2744 5.08271 -1 0.92464
2745 5.65046 -1 0.869144
2746 -5.59859 -0.899269 1
2747 -4.5419 -0.684258 1
2748 -3.47326 -0.500944 1
2749 -2.40456 -0.319126 1
2750 -1.33587 -0.137308 1
2751 -0.267174 0.0445102 1
2752 0.80152 0.226328 1
2753 1.87021 0.408146 1
2754 2.93891 0.589965 1
2755 4.00771 0.771959 1
2756 -5.07637 -0.750558 1
2757 -5.61087 -0.671143 1
2758 -4.0076 -0.568573 1
2759 -4.54195 -0.48807 1
2760 -5.0763 -0.567829 1
2761 -5.61064 -0.48959 1
2762 -2.93891 -0.386755 1
2763 -3.47326 -0.306251 1
2764 -4.0076 -0.386011 1
2765 -4.54195 -0.304546 1
2766 -5.0763 -0.38601 1
2767 -5.61064 -0.307771 1
2768 -1.87021 -0.204936 1
2769 -2.40456 -0.124433 1
2770 -2.93891 -0.204193 1
2771 -3.47326 -0.122728 1
2772 -4.0076 -0.204192 1
2773 -4.54195 -0.122728 1
2774 -5.0763 -0.204192 1
2775 -5.61064 -0.125953 1
2776 -0.80152 -0.0231184 1
2777 -1.33587 0.0573846 1
2778 -1.87021 -0.0223747 1
2779 -2.40456 0.0590897 1
2780 -2.93891 -0.0223744 1
2781 -3.47326 0.0590897 1
2782 -4.0076 -0.0223744 1
2783 -4.54195 0.0590897 1
2784 -5.0763 -0.0223744 1
2785 -5.61064 0.0558648 1
2786 0.267174 0.1587 1
2787 -0.267174 0.239203 1
2788 -0.80152 0.159443 1
2789 -1.33587 0.240908 1
2790 -1.87021 0.159444 1
2791 -2.40456 0.240908 1
2792 -2.93891 0.159444 1
2793 -3.47326 0.240908 1
2794 -4.0076 0.159444 1
2795 -4.54195 0.240908 1
2796 -5.0763 0.159444 1
2797 -5.61064 0.237683 1
2798 1.33587 0.340518 1
2799 0.80152 0.421021 1
2800 0.267174 0.341261 1
2801 -0.267174 0.422726 1
2802 -0.80152 0.341262 1
2803 -1.33587 0.422726 1
2804 -1.87021 0.341262 1
2805 -2.40456 0.422726 1
2806 -2.93891 0.341262 1
2807 -3.47326 0.422726 1
2808 -4.0076 0.341262 1
2809 -4.54195 0.422726 1
2810 -5.0763 0.341262 1
2811 -5.61064 0.419501 1
2812 2.40456 0.522336 1
2813 1.87021 0.602839 1
2814 1.33587 0.52308 1
2815 0.80152 0.604545 1
2816 0.267174 0.52308 1
2817 -0.267174 0.604545 1
2818 -0.80152 0.52308 1
2819 -1.33587 0.604545 1
2820 -1.87021 0.52308 1
2821 -2.40456 0.604545 1
2822 -2.93891 0.52308 1
2823 -3.47326 0.604545 1
2824 -4.0076 0.52308 1
2825 -4.54195 0.604545 1
2826 -5.0763 0.52308 1
2827 -5.60995 0.611284 1
2828 3.47326 0.704201 1
2829 2.93891 0.784907 1
2830 2.40456 0.704901 1
2831 1.87021 0.786613 1
2832 1.33587 0.704901 1
2833 0.80152 0.786613 1
2834 0.267174 0.704901 1
2835 -0.267174 0.786613 1
2836 -0.80152 0.704901 1
2837 -1.33587 0.786613 1
2838 -1.87021 0.704901 1
2839 -2.40456 0.786613 1
2840 -2.93891 0.704901 1
2841 -3.47326 0.786613 1
2842 -4.0076 0.704901 1
2843 -4.54206 0.786569 1
2844 -5.08413 0.701718 1
2845 4.54195 0.887699 1
2846 3.47516 0.890818 1
2847 2.40662 0.890869 1
2848 1.33792 0.890869 1
2849 0.269229 0.890869 1
2850 -0.799465 0.890869 1
2851 -1.86816 0.890869 1
2852 -2.93685 0.890869 1
2853 -4.0076 0.893853 1
2854 -5.23607 0.901378 1
2855 -5.08953 0.857544 1
2856 -5.63046 0.943609 1
2857 5.08395 1 0.947881
2858 4.00391 1 0.945923
2859 2.93953 1 0.948574
2860 1.86822 1 0.946608
2861 0.799521 1 0.946608
2862 -0.269172 1 0.946608
2863 -1.33787 1 0.946608
2864 -2.40656 1 0.946608
2865 -3.47526 1 0.946608
2866 -4.5277 1 0.948481
2867 -5.06827 1 0.923326
2868 -5.65057 1 0.867934
2869 -5.62843 -0.939315 -1
2870 -5.6073 -0.754217 -1
2871 -5.61064 -0.422663 -1
2872 -5.61064 -0.240807 -1
2873 -5.61064 -0.0589887 -1
2874 -5.61064 0.122829 -1
2875 -5.61064 0.304647 -1
2876 -5.61064 0.486465 -1
2877 -5.61087 0.669392 -1
2878 -5.07795 -0.879242 -1
2879 -5.07626 -0.702854 -1
2880 -4.54206 -0.786569 -1
2881 -4.0076 -0.887873 -1
2882 -5.0763 -0.52124 -1
2883 -4.54195 -0.604545 -1
2884 -4.0076 -0.703061 -1
2885 -3.47326 -0.786613 -1
2886 -2.93876 -0.887802 -1
2887 -5.0763 -0.339422 -1
2888 -4.54195 -0.422726 -1
2889 -4.0076 -0.52124 -1
2890 -3.47326 -0.604545 -1
2891 -2.93891 -0.703061 -1
2892 -2.40456 -0.786613 -1
2893 -1.87007 -0.887802 -1
2894 -5.0763 -0.157604 -1
2895 -4.54195 -0.240908 -1
2896 -4.0076 -0.339422 -1
2897 -3.47326 -0.422726 -1
2898 -2.93891 -0.52124 -1
2899 -2.40456 -0.604545 -1
2900 -1.87021 -0.703061 -1
2901 -1.33587 -0.786613 -1
2902 -0.801371 -0.887802 -1
2903 -5.0763 0.0242141 -1
2904 -4.54195 -0.0590897 -1
2905 -4.0076 -0.157604 -1
2906 -3.47326 -0.240908 -1
2907 -2.93891 -0.339422 -1
2908 -2.40456 -0.422726 -1
2909 -1.87021 -0.52124 -1
2910 -1.33587 -0.604545 -1
2911 -0.80152 -0.703061 -1
2912 -0.267174 -0.786613 -1
2913 0.267323 -0.887802 -1
2914 -5.0763 0.206032 -1
2915 -4.54195 0.122728 -1
2916 -4.0076 0.0242141 -1
2917 -3.47326 -0.0590897 -1
2918 -2.93891 -0.157604 -1
2919 -2.40456 -0.240908 -1
2920 -1.87021 -0.339422 -1
2921 -1.33587 -0.422726 -1
2922 -0.80152 -0.52124 -1
2923 -0.267174 -0.604545 -1
2924 0.267174 -0.703061 -1
2925 0.80152 -0.786613 -1
2926 1.33602 -0.887802 -1
2927 -5.0763 0.38785 -1
2928 -4.54195 0.304546 -1
2929 -4.0076 0.206032 -1
2930 -3.47326 0.122728 -1
2931 -2.93891 0.0242141 -1
2932 -2.40456 -0.0590897 -1
2933 -1.87021 -0.157604 -1
2934 -1.33587 -0.240908 -1
2935 -0.80152 -0.339422 -1
2936 -0.267174 -0.422726 -1
2937 0.267174 -0.52124 -1
2938 0.80152 -0.604545 -1
2939 1.33587 -0.703061 -1
2940 1.87021 -0.786613 -1
2941 2.40471 -0.887802 -1
2942 -5.0763 0.569669 -1
2943 -4.54177 0.487208 -1
2944 -4.0076 0.387851 -1
2945 -3.47307 0.30539 -1
2946 -2.93891 0.206033 -1
2947 -2.40438 0.123572 -1
2948 -1.87021 0.0242147 -1
2949 -1.33568 -0.0582464 -1
2950 -0.80152 -0.157603 -1
2951 -0.266989 -0.240064 -1
2952 0.267174 -0.339421 -1
2953 0.801705 -0.421882 -1
2954 1.33587 -0.52124 -1
2955 1.8704 -0.603701 -1
2956 2.40456 -0.703061 -1
2957 2.93909 -0.78577 -1
2958 3.47341 -0.887802 -1
2959 -5.07639 0.751795 -1
2960 -4.54482 0.678391 -1
2961 -4.0076 0.569787 -1
2962 -3.47613 0.496571 -1
2963 -2.93891 0.387968 -1
2964 -2.40743 0.314752 -1
2965 -1.87021 0.20615 -1
2966 -1.33874 0.132934 -1
2967 -0.80152 0.0243324 -1
2968 -0.270043 -0.0488838 -1
2969 0.267174 -0.157486 -1
2970 0.798651 -0.230702 -1
2971 1.33587 -0.339304 -1
2972 1.86735 -0.41252 -1
2973 2.40456 -0.521122 -1
2974 2.93604 -0.594338 -1
2975 3.47326 -0.702943 -1
2976 4.00473 -0.776344 -1
2977 4.5421 -0.887599 -1
2978 5.07116 -0.931338 -1
2979 -5.61957 -1 -0.902076
2980 -4.51985 -1 -0.940692
2981 -3.47507 -1 -0.943683
2982 -2.40637 -1 -0.943683
2983 -1.33768 -1 -0.943683
2984 -0.268986 -1 -0.943683
2985 0.799709 -1 -0.943683
2986 1.8684 -1 -0.943683
2987 2.93742 -1 -0.943658
2988 4.01142 -1 -0.944429
2989 -5.61889 -1 -0.705885
2990 5.62916 -0.937314 1
2991 5.6073 -0.754217 1
2992 5.61064 -0.422663 1
2993 5.61064 -0.240807 1
2994 5.61064 -0.0589887 1
2995 5.61064 0.122829 1
2996 5.61064 0.304647 1
2997 5.61064 0.486465 1
2998 5.61057 0.669173 1
2999 5.07795 -0.879195 1
3000 4.55251 -0.926285 1
3001 5.07626 -0.702854 1
3002 4.00993 -0.888181 1
3003 3.48018 -0.929228 1
3004 5.0763 -0.52124 1
3005 4.54195 -0.604583 1
3006 4.00761 -0.703137 1
3007 2.94124 -0.888181 1
3008 2.41148 -0.929228 1
3009 5.0763 -0.339422 1
3010 4.54195 -0.422726 1
3011 4.0076 -0.52124 1
3012 3.47326 -0.604583 1
3013 2.93892 -0.703137 1
3014 1.87254 -0.888181 1
3015 1.34279 -0.929228 1
3016 5.0763 -0.157604 1
3017 4.54195 -0.240908 1
3018 4.0076 -0.339422 1
3019 3.47326 -0.422726 1
3020 2.93891 -0.52124 1
3021 2.40456 -0.604583 1
3022 1.87022 -0.703137 1
3023 0.803847 -0.888181 1
3024 0.274093 -0.929228 1
3025 5.0763 0.0242141 1
3026 4.54195 -0.0590897 1
3027 4.0076 -0.157604 1
3028 3.47326 -0.240908 1
3029 2.93891 -0.339422 1
3030 2.40456 -0.422726 1
3031 1.87021 -0.52124 1
3032 1.33587 -0.604583 1
3033 0.801527 -0.703137 1
3034 -0.264847 -0.888181 1
3035 -0.794601 -0.929228 1
3036 5.0763 0.206032 1
3037 4.54195 0.122728 1
3038 4.0076 0.0242141 1
3039 3.47326 -0.0590897 1
3040 2.93891 -0.157604 1
3041 2.40456 -0.240908 1
3042 1.87021 -0.339422 1
3043 1.33587 -0.422726 1
3044 0.80152 -0.52124 1
3045 0.267174 -0.604583 1
3046 -0.267167 -0.703137 1
3047 -1.33354 -0.888181 1
3048 -1.86329 -0.929228 1
3049 5.0763 0.38785 1
3050 4.54195 0.304546 1
3051 4.0076 0.206032 1
3052 3.47326 0.122728 1
3053 2.93891 0.0242141 1
3054 2.40456 -0.0590897 1
3055 1.87021 -0.157604 1
3056 1.33587 -0.240908 1
3057 0.80152 -0.339422 1
3058 0.267174 -0.422726 1
3059 -0.267174 -0.52124 1
3060 -0.80152 -0.604583 1
3061 -1.33586 -0.703137 1
3062 -2.40224 -0.888181 1
3063 -2.93199 -0.929228 1
3064 5.0763 0.569713 1
3065 4.54177 0.487208 1
3066 4.0076 0.387851 1
3067 3.47307 0.30539 1
3068 2.93891 0.206033 1
3069 2.40438 0.123572 1
3070 1.87021 0.0242147 1
3071 1.33568 -0.0582464 1
3072 0.80152 -0.157603 1
3073 0.266989 -0.240064 1
3074 -0.267174 -0.339421 1
3075 -0.801705 -0.421882 1
3076 -1.33587 -0.52124 1
3077 -1.8704 -0.60374 1
3078 -2.40456 -0.703136 1
3079 -3.47467 -0.890962 1
3080 -3.99173 -0.923931 1
3081 5.07645 0.7512 1
3082 4.54184 0.677567 1
3083 4.0076 0.569787 1
3084 3.47613 0.496571 1
3085 2.93891 0.387968 1
3086 2.40743 0.314752 1
3087 1.87021 0.20615 1
3088 1.33874 0.132934 1
3089 0.80152 0.0243324 1
3090 0.270043 -0.0488838 1
3091 -0.267174 -0.157486 1
3092 -0.798651 -0.230702 1
3093 -1.33587 -0.339304 1
3094 -1.86735 -0.41252 1
3095 -2.40456 -0.521122 1
3096 -2.93604 -0.594372 1
3097 -3.47325 -0.703018 1
3098 -4.00772 -0.78373 1
3099 -4.54458 -0.839601 1
3100 -5.06377 -0.93047 1
3101 5.61957 1 -0.902076
3102 4.51985 1 -0.940692
3103 3.47507 1 -0.943683
3104 2.40637 1 -0.943683
3105 1.33768 1 -0.943683
3106 0.268986 1 -0.943683
3107 -0.799709 1 -0.943683
3108 -1.8684 1 -0.943683
3109 -2.93742 1 -0.943658
3110 -4.01249 1 -0.946549
3111 5.61889 1 -0.705885
3112 5.0752 0.849405 1
3113 -5.07556 0.844301 -1
3114 5.61064 1 1
3115 5.0763 1 1
3116 5.07535 -0.843672 -1
3117 4.00742 -0.662828 -1
3118 4.54195 -0.792796 -1
3119 2.93872 -0.481007 -1
3120 3.47326 -0.610859 -1
3121 1.87003 -0.299189 -1
3122 2.40456 -0.429041 -1
3123 0.801336 -0.117371 -1
3124 1.33587 -0.247223 -1
3125 -0.267358 0.0644471 -1
3126 0.267174 -0.0654047 -1
3127 -1.33605 0.246265 -1
3128 -0.80152 0.116413 -1
3129 -2.40475 0.428083 -1
3130 -1.87021 0.298231 -1
3131 -3.47344 0.609902 -1
3132 -2.93891 0.48005 -1
3133 -4.54214 0.791795 -1
3134 -4.0076 0.66187 -1
3135 5.07636 -0.658806 -1
3136 5.61254 -0.77381 -1
3137 4.0076 -0.476954 -1
3138 4.54195 -0.589474 -1
3139 5.0763 -0.47692 -1
3140 5.61064 -0.585322 -1
3141 2.93891 -0.295136 -1
3142 3.47326 -0.407655 -1
3143 4.0076 -0.295101 -1
3144 4.54195 -0.400323 -1
3145 5.0763 -0.295101 -1
3146 5.61064 -0.403548 -1
3147 1.87021 -0.113318 -1
3148 2.40456 -0.225837 -1
3149 2.93891 -0.113283 -1
3150 3.47326 -0.218505 -1
3151 4.0076 -0.113283 -1
3152 4.54195 -0.218505 -1
3153 5.0763 -0.113283 -1
3154 5.61064 -0.22173 -1
3155 0.80152 0.0685005 -1
3156 1.33587 -0.0440189 -1
3157 1.87021 0.0685346 -1
3158 2.40456 -0.0366875 -1
3159 2.93891 0.0685346 -1
3160 3.47326 -0.0366875 -1
3161 4.0076 0.0685346 -1
3162 4.54195 -0.0366875 -1
3163 5.0763 0.0685346 -1
3164 5.61064 -0.0399124 -1
3165 -0.267174 0.250318 -1
3166 0.267174 0.137799 -1
3167 0.80152 0.250353 -1
3168 1.33587 0.14513 -1
3169 1.87021 0.250353 -1
3170 2.40456 0.14513 -1
3171 2.93891 0.250353 -1
3172 3.47326 0.14513 -1
3173 4.0076 0.250353 -1
3174 4.54195 0.14513 -1
3175 5.0763 0.250353 -1
3176 5.61064 0.141906 -1
3177 -1.33587 0.432137 -1
3178 -0.80152 0.319617 -1
3179 -0.267174 0.432171 -1
3180 0.267174 0.326949 -1
3181 0.80152 0.432171 -1
3182 1.33587 0.326949 -1
3183 1.87021 0.432171 -1
3184 2.40456 0.326949 -1
3185 2.93891 0.432171 -1
3186 3.47326 0.326949 -1
3187 4.0076 0.432171 -1
3188 4.54195 0.326949 -1
3189 5.0763 0.432171 -1
3190 5.61064 0.323724 -1
3191 -2.40456 0.613955 -1
3192 -1.87021 0.501436 -1
3193 -1.33587 0.613989 -1
3194 -0.80152 0.508767 -1
3195 -0.267174 0.613989 -1
3196 0.267174 0.508767 -1
3197 0.80152 0.613989 -1
3198 1.33587 0.508767 -1
3199 1.87021 0.613989 -1
3200 2.40456 0.508767 -1
3201 2.93891 0.613989 -1
3202 3.47326 0.508767 -1
3203 4.0076 0.613989 -1
3204 4.54195 0.508767 -1
3205 5.07653 0.61408 -1
3206 5.6106 0.505706 -1
3207 -3.47311 0.795921 -1
3208 -2.93891 0.683257 -1
3209 -2.40456 0.795918 -1
3210 -1.87021 0.69059 -1
3211 -1.33587 0.795918 -1
3212 -0.80152 0.69059 -1
3213 -0.267174 0.795918 -1
3214 0.267174 0.69059 -1
3215 0.80152 0.795918 -1
3216 1.33587 0.69059 -1
3217 1.87021 0.795918 -1
3218 2.40456 0.69059 -1
3219 2.93891 0.795918 -1
3220 3.47326 0.69059 -1
3221 4.0076 0.795918 -1
3222 4.54195 0.690588 -1
3223 5.06566 0.785383 -1
3224 5.57571 0.755065 -1
3225 -4.0133 0.8707 -1
3226 -4.54195 1 -1
3227 -4.0076 1 -1
3228 -2.93884 0.877018 -1
3229 -3.47326 1 -1
3230 -2.93891 1 -1
3231 -1.87014 0.877018 -1
3232 -2.40456 1 -1
3233 -1.87021 1 -1
3234 -0.801446 0.877018 -1
3235 -1.33587 1 -1
3236 -0.80152 1 -1
3237 0.267248 0.877018 -1
3238 -0.267174 1 -1
3239 0.267174 1 -1
3240 1.33594 0.877018 -1
3241 0.80152 1 -1
3242 1.33587 1 -1
3243 2.40464 0.877018 -1
3244 1.87021 1 -1
3245 2.40456 1 -1
3246 3.47333 0.877018 -1
3247 2.93891 1 -1
3248 3.47326 1 -1
3249 4.54226 0.876983 -1
3250 4.0076 1 -1
3251 4.54195 1 -1
3252 5.08646 0.944709 -1
3253 5.34347 1 -1
3254 5.6215 -1 0.760388
3255 5.34347 -1 1
3256 -5.07487 -0.8437 1
3257 -4.00747 -0.662896 1
3258 -2.93872 -0.481007 1
3259 -3.47326 -0.610859 1
3260 -1.87003 -0.299189 1
3261 -2.40456 -0.429041 1
3262 -0.801336 -0.117371 1
3263 -1.33587 -0.247223 1
3264 0.267358 0.0644471 1
3265 -0.267174 -0.0654047 1
3266 1.33605 0.246265 1
3267 0.80152 0.116413 1
3268 2.40475 0.428083 1
3269 1.87021 0.298231 1
3270 3.47344 0.609902 1
3271 2.93891 0.48005 1
3272 4.54195 0.791117 1
3273 4.0076 0.66187 1
3274 -5.07636 -0.658806 1
3275 -5.61254 -0.77381 1
3276 -4.0076 -0.476954 1
3277 -4.54195 -0.589474 1
3278 -5.0763 -0.47692 1
3279 -5.61064 -0.585322 1
3280 -2.93891 -0.295136 1
3281 -3.47326 -0.407655 1
3282 -4.0076 -0.295101 1
3283 -4.54195 -0.400323 1
3284 -5.0763 -0.295101 1
3285 -5.61064 -0.403548 1
3286 -1.87021 -0.113318 1
3287 -2.40456 -0.225837 1
3288 -2.93891 -0.113283 1
3289 -3.47326 -0.218505 1
3290 -4.0076 -0.113283 1
3291 -4.54195 -0.218505 1
3292 -5.0763 -0.113283 1
3293 -5.61064 -0.22173 1
3294 -0.80152 0.0685005 1
3295 -1.33587 -0.0440189 1
3296 -1.87021 0.0685346 1
3297 -2.40456 -0.0366875 1
3298 -2.93891 0.0685346 1
3299 -3.47326 -0.0366875 1
3300 -4.0076 0.0685346 1
3301 -4.54195 -0.0366875 1
3302 -5.0763 0.0685346 1
3303 -5.61064 -0.0399124 1
3304 0.267174 0.250318 1
3305 -0.267174 0.137799 1
3306 -0.80152 0.250353 1
3307 -1.33587 0.14513 1
3308 -1.87021 0.250353 1
3309 -2.40456 0.14513 1
3310 -2.93891 0.250353 1
3311 -3.47326 0.14513 1
3312 -4.0076 0.250353 1
3313 -4.54195 0.14513 1
3314 -5.0763 0.250353 1
3315 -5.61064 0.141906 1
3316 1.33587 0.432137 1
3317 0.80152 0.319617 1
3318 0.267174 0.432171 1
3319 -0.267174 0.326949 1
3320 -0.80152 0.432171 1
3321 -1.33587 0.326949 1
3322 -1.87021 0.432171 1
3323 -2.40456 0.326949 1
3324 -2.93891 0.432171 1
3325 -3.47326 0.326949 1
3326 -4.0076 0.432171 1
3327 -4.54195 0.326949 1
3328 -5.0763 0.432171 1
3329 -5.61064 0.323724 1
3330 2.40456 0.613955 1
3331 1.87021 0.501436 1
3332 1.33587 0.613989 1
3333 0.80152 0.508767 1
3334 0.267174 0.613989 1
3335 -0.267174 0.508767 1
3336 -0.80152 0.613989 1
3337 -1.33587 0.508767 1
3338 -1.87021 0.613989 1
3339 -2.40456 0.508767 1
3340 -2.93891 0.613989 1
3341 -3.47326 0.508767 1
3342 -4.0076 0.613989 1
3343 -4.54195 0.508767 1
3344 -5.07653 0.61408 1
3345 -5.6106 0.505706 1
3346 3.47311 0.796058 1
3347 2.93891 0.683257 1
3348 2.40456 0.796056 1
3349 1.87021 0.69059 1
3350 1.33587 0.796056 1
3351 0.80152 0.69059 1
3352 0.267174 0.796056 1
3353 -0.267174 0.69059 1
3354 -0.80152 0.796056 1
3355 -1.33587 0.69059 1
3356 -1.87021 0.796056 1
3357 -2.40456 0.69059 1
3358 -2.93891 0.796056 1
3359 -3.47326 0.69059 1
3360 -4.0076 0.797329 1
3361 -4.54195 0.690588 1
3362 -5.06566 0.785383 1
3363 -5.57571 0.755065 1
3364 4.01419 0.869477 1
3365 4.54195 1 1
3366 4.0076 1 1
3367 2.93788 0.878529 1
3368 3.47326 1 1
3369 2.93891 1 1
3370 1.86919 0.878529 1
3371 2.40456 1 1
3372 1.87021 1 1
3373 0.800493 0.878529 1
3374 1.33587 1 1
3375 0.80152 1 1
3376 -0.268201 0.878529 1
3377 0.267174 1 1
3378 -0.267174 1 1
3379 -1.33689 0.878529 1
3380 -0.80152 1 1
3381 -1.33587 1 1
3382 -2.40559 0.878529 1
3383 -1.87021 1 1
3384 -2.40456 1 1
3385 -3.47428 0.878529 1
3386 -2.93891 1 1
3387 -3.47326 1 1
3388 -4.54226 0.876983 1
3389 -4.0076 1 1
3390 -4.54195 1 1
3391 -5.08646 0.944709 1
3392 -5.34347 1 1
3393 4.5466 1 0.945707
3394 3.46927 1 0.942422
3395 2.40039 1 0.942983
3396 1.3317 1 0.942983
3397 0.263004 1 0.942983
3398 -0.80569 1 0.942983
3399 -1.87438 1 0.942983
3400 -2.94308 1 0.942983
3401 -4.00815 1 0.940908
3402 -5.6215 1 0.760388
3403 -5.10108 -0.945745 -1
3404 -5.34347 -1 -1
3405 -5.61056 -0.636285 -1
3406 -5.07575 -0.791944 -1
3407 -5.61064 -0.510871 -1
3408 -5.0763 -0.612146 -1
3409 -5.61064 -0.326848 -1
3410 -5.0763 -0.430331 -1
3411 -5.61064 -0.14503 -1
3412 -5.0763 -0.248513 -1
3413 -5.61064 0.0367884 -1
3414 -5.0763 -0.0666949 -1
3415 -5.61064 0.218607 -1
3416 -5.0763 0.115123 -1
3417 -5.61064 0.400425 -1
3418 -5.0763 0.296941 -1
3419 -5.61064 0.582245 -1
3420 -5.0763 0.478759 -1
3421 -5.61254 0.773763 -1
3422 -5.07636 0.660633 -1
3423 -4.54226 -0.876983 -1
3424 -4.0076 -1 -1
3425 -4.54195 -1 -1
3426 -4.54195 -0.690588 -1
3427 -4.0076 -0.794117 -1
3428 -3.47333 -0.877019 -1
3429 -2.93891 -1 -1
3430 -3.47326 -1 -1
3431 -4.54195 -0.508767 -1
3432 -4.0076 -0.61215 -1
3433 -3.47326 -0.69059 -1
3434 -2.93891 -0.794117 -1
3435 -2.40464 -0.877019 -1
3436 -1.87021 -1 -1
3437 -2.40456 -1 -1
3438 -4.54195 -0.326949 -1
3439 -4.0076 -0.430331 -1
3440 -3.47326 -0.508767 -1
3441 -2.93891 -0.61215 -1
3442 -2.40456 -0.69059 -1
3443 -1.87021 -0.794117 -1
3444 -1.33594 -0.877019 -1
3445 -0.80152 -1 -1
3446 -1.33587 -1 -1
3447 -4.54195 -0.14513 -1
3448 -4.0076 -0.248513 -1
3449 -3.47326 -0.326948 -1
3450 -2.93891 -0.430331 -1
3451 -2.40456 -0.508767 -1
3452 -1.87021 -0.61215 -1
3453 -1.33587 -0.69059 -1
3454 -0.80152 -0.794117 -1
3455 -0.267248 -0.877019 -1
3456 0.267174 -1 -1
3457 -0.267174 -1 -1
3458 -4.54195 0.0366875 -1
3459 -4.0076 -0.0666949 -1
3460 -3.47326 -0.14513 -1
3461 -2.93891 -0.248513 -1
3462 -2.40456 -0.326949 -1
3463 -1.87021 -0.430331 -1
3464 -1.33587 -0.508767 -1
3465 -0.80152 -0.61215 -1
3466 -0.267174 -0.69059 -1
3467 0.267174 -0.794117 -1
3468 0.801446 -0.877019 -1
3469 1.33587 -1 -1
3470 0.80152 -1 -1
3471 -4.54195 0.218505 -1
3472 -4.0076 0.115123 -1
3473 -3.47326 0.0366875 -1
3474 -2.93891 -0.0666949 -1
3475 -2.40456 -0.14513 -1
3476 -1.87021 -0.248513 -1
3477 -1.33587 -0.326949 -1
3478 -0.80152 -0.430331 -1
3479 -0.267174 -0.508767 -1
3480 0.267174 -0.61215 -1
3481 0.80152 -0.69059 -1
3482 1.33587 -0.794117 -1
3483 1.87014 -0.877019 -1
3484 2.40456 -1 -1
3485 1.87021 -1 -1
3486 -4.54195 0.400323 -1
3487 -4.0076 0.296941 -1
3488 -3.47326 0.218505 -1
3489 -2.93891 0.115123 -1
3490 -2.40456 0.0366875 -1
3491 -1.87021 -0.0666949 -1
3492 -1.33587 -0.14513 -1
3493 -0.80152 -0.248513 -1
3494 -0.267174 -0.326949 -1
3495 0.267174 -0.430331 -1
3496 0.80152 -0.508767 -1
3497 1.33587 -0.61215 -1
3498 1.87021 -0.69059 -1
3499 2.40456 -0.794117 -1
3500 2.93884 -0.877019 -1
3501 3.47326 -1 -1
3502 2.93891 -1 -1
3503 -4.53908 0.585521 -1
3504 -4.0076 0.478781 -1
3505 -3.47039 0.403702 -1
3506 -2.93891 0.296963 -1
3507 -2.40169 0.221884 -1
3508 -1.87021 0.115145 -1
3509 -1.333 0.0400662 -1
3510 -0.80152 -0.0666732 -1
3511 -0.264304 -0.141752 -1
3512 0.267174 -0.248491 -1
3513 0.80439 -0.32357 -1
3514 1.33587 -0.430309 -1
3515 1.87309 -0.505388 -1
3516 2.40456 -0.612128 -1
3517 2.94178 -0.687211 -1
3518 3.47326 -0.794095 -1
3519 4.01537 -0.874129 -1
3520 4.54195 -1 -1
3521 4.0577 -1 -1
3522 -5.08514 -1 -0.94509
3523 -5.59944 -1 -0.817387
3524 5.10108 -0.945709 1
3525 5.61056 -0.636285 1
3526 5.07575 -0.79194 1
3527 5.61064 -0.510871 1
3528 5.0763 -0.612146 1
3529 5.61064 -0.326848 1
3530 5.0763 -0.430331 1
3531 5.61064 -0.14503 1
3532 5.0763 -0.248513 1
3533 5.61064 0.0367884 1
3534 5.0763 -0.0666949 1
3535 5.61064 0.218607 1
3536 5.0763 0.115123 1
3537 5.61064 0.400425 1
3538 5.0763 0.296941 1
3539 5.61064 0.582243 1
3540 5.0763 0.478759 1
3541 5.61057 0.770916 1
3542 5.07645 0.660632 1
3543 4.54247 -0.817682 1
3544 4.54196 -0.692779 1
3545 4.00794 -0.796143 1
3546 3.47415 -0.819552 1
3547 4.54195 -0.508767 1
3548 4.0076 -0.61215 1
3549 3.47328 -0.692844 1
3550 2.93925 -0.796143 1
3551 2.40546 -0.819552 1
3552 4.54195 -0.326949 1
3553 4.0076 -0.430331 1
3554 3.47326 -0.508767 1
3555 2.93891 -0.61215 1
3556 2.40458 -0.692844 1
3557 1.87055 -0.796143 1
3558 1.33676 -0.819552 1
3559 4.54195 -0.14513 1
3560 4.0076 -0.248513 1
3561 3.47326 -0.326948 1
3562 2.93891 -0.430331 1
3563 2.40456 -0.508767 1
3564 1.87021 -0.61215 1
3565 1.33589 -0.692844 1
3566 0.801856 -0.796143 1
3567 0.268069 -0.819552 1
3568 4.54195 0.0366875 1
3569 4.0076 -0.0666949 1
3570 3.47326 -0.14513 1
3571 2.93891 -0.248513 1
3572 2.40456 -0.326949 1
3573 1.87021 -0.430331 1
3574 1.33587 -0.508767 1
3575 0.80152 -0.61215 1
3576 0.267194 -0.692844 1
3577 -0.266838 -0.796143 1
3578 -0.800625 -0.819552 1
3579 4.54195 0.218505 1
3580 4.0076 0.115123 1
3581 3.47326 0.0366875 1
3582 2.93891 -0.0666949 1
3583 2.40456 -0.14513 1
3584 1.87021 -0.248513 1
3585 1.33587 -0.326949 1
3586 0.80152 -0.430331 1
3587 0.267174 -0.508767 1
3588 -0.267174 -0.61215 1
3589 -0.8015 -0.692844 1
3590 -1.33553 -0.796143 1
3591 -1.86932 -0.819552 1
3592 4.54195 0.400323 1
3593 4.0076 0.296941 1
3594 3.47326 0.218505 1
3595 2.93891 0.115123 1
3596 2.40456 0.0366875 1
3597 1.87021 -0.0666949 1
3598 1.33587 -0.14513 1
3599 0.80152 -0.248513 1
3600 0.267174 -0.326949 1
3601 -0.267174 -0.430331 1
3602 -0.80152 -0.508767 1
3603 -1.33587 -0.61215 1
3604 -1.87019 -0.692844 1
3605 -2.40423 -0.796143 1
3606 -2.93812 -0.819541 1
3607 4.53897 0.585556 1
3608 4.0076 0.478781 1
3609 3.47039 0.403702 1
3610 2.93891 0.296963 1
3611 2.40169 0.221884 1
3612 1.87021 0.115145 1
3613 1.333 0.0400662 1
3614 0.80152 -0.0666732 1
3615 0.264304 -0.141752 1
3616 -0.267174 -0.248491 1
3617 -0.80439 -0.32357 1
3618 -1.33587 -0.430309 1
3619 -1.87309 -0.505388 1
3620 -2.40456 -0.612128 1
3621 -2.94539 -0.690135 1
3622 -3.47298 -0.796151 1
3623 5.08514 1 -0.94509
3624 5.59944 1 -0.817387
3625 4.86827 -1 0.844063
3626 4.94761 -1 0.925905
3627 -4.93307 1 -0.92166
3628 -4.87455 1 -0.872485
3629 5.4722 0.945806 1
3630 4.93307 -1 -0.92166
3631 4.87455 -1 -0.872485
3632 5.18463 0.890373 1
3633 -5.19827 0.898924 -1
3634 4.40836 -0.755862 -1
3635 3.33967 -0.574021 -1
3636 2.27098 -0.392202 -1
3637 1.20228 -0.210384 -1
3638 0.133587 -0.0285661 -1
3639 -0.935107 0.153252 -1
3640 -2.0038 0.33507 -1
3641 -3.0725 0.516888 -1
3642 -4.14119 0.698724 -1
3643 5.20992 -0.809402 -1
3644 5.2119 -0.713019 -1
3645 5.74118 -0.832841 -1
3646 5.47884 -0.703594 -1
3647 4.14119 -0.619478 -1
3648 4.14119 -0.529432 -1
3649 4.40282 -0.542613 -1
3650 5.21001 -0.620433 -1
3651 5.20988 -0.529456 -1
3652 5.7443 -0.628031 -1
3653 5.47706 -0.516997 -1
3654 5.47718 -0.603374 -1
3655 3.0725 -0.437659 -1
3656 3.0725 -0.347614 -1
3657 3.33413 -0.360795 -1
3658 4.14119 -0.438547 -1
3659 4.14119 -0.347638 -1
3660 4.67561 -0.421989 -1
3661 4.40836 -0.335066 -1
3662 4.40829 -0.422149 -1
3663 5.20988 -0.438547 -1
3664 5.20988 -0.347638 -1
3665 5.74423 -0.44671 -1
3666 5.47706 -0.335179 -1
3667 5.47706 -0.421455 -1
3668 2.0038 -0.255841 -1
3669 2.0038 -0.165796 -1
3670 2.26544 -0.178977 -1
3671 3.0725 -0.256729 -1
3672 3.0725 -0.16582 -1
3673 3.60692 -0.240171 -1
3674 3.33967 -0.153248 -1
3675 3.3396 -0.240331 -1
3676 4.14119 -0.256729 -1
3677 4.14119 -0.16582 -1
3678 4.67554 -0.239352 -1
3679 4.40836 -0.153248 -1
3680 4.40836 -0.239524 -1
3681 5.20988 -0.256729 -1
3682 5.20988 -0.16582 -1
3683 5.74423 -0.264892 -1
3684 5.47706 -0.153361 -1
3685 5.47706 -0.239637 -1
3686 0.935107 -0.0740225 -1
3687 0.935107 0.0160225 -1
3688 1.19674 0.00284098 -1
3689 2.0038 -0.074911 -1
3690 2.0038 0.0159985 -1
3691 2.53822 -0.0583532 -1
3692 2.27098 0.0285704 -1
3693 2.2709 -0.0585132 -1
3694 3.0725 -0.0749106 -1
3695 3.0725 0.0159985 -1
3696 3.60684 -0.0575343 -1
3697 3.33967 0.0285704 -1
3698 3.33967 -0.0577064 -1
3699 4.14119 -0.0749106 -1
3700 4.14119 0.0159985 -1
3701 4.67554 -0.0575343 -1
3702 4.40836 0.0285704 -1
3703 4.40836 -0.0577064 -1
3704 5.20988 -0.0749106 -1
3705 5.20988 0.0159985 -1
3706 5.74423 -0.0830736 -1
3707 5.47706 0.0284575 -1
3708 5.47706 -0.0578193 -1
3709 -0.133587 0.107796 -1
3710 -0.133587 0.197841 -1
3711 0.128049 0.184659 -1
3712 0.935107 0.106907 -1
3713 0.935107 0.197817 -1
3714 1.46953 0.123465 -1
3715 1.20228 0.210388 -1
3716 1.20221 0.123305 -1
3717 2.0038 0.106908 -1
3718 2.0038 0.197817 -1
3719 2.53815 0.124284 -1
3720 2.27098 0.210388 -1
3721 2.27098 0.124112 -1
3722 3.0725 0.106908 -1
3723 3.0725 0.197817 -1
3724 3.60684 0.124284 -1
3725 3.33967 0.210388 -1
3726 3.33967 0.124112 -1
3727 4.14119 0.106908 -1
3728 4.14119 0.197817 -1
3729 4.67554 0.124284 -1
3730 4.40836 0.210388 -1
3731 4.40836 0.124112 -1
3732 5.20988 0.106908 -1
3733 5.20988 0.197817 -1
3734 5.74423 0.0987444 -1
3735 5.47706 0.210276 -1
3736 5.47706 0.123999 -1
3737 -1.20228 0.289614 -1
3738 -1.20228 0.379659 -1
3739 -0.940645 0.366477 -1
3740 -0.133587 0.288725 -1
3741 -0.133587 0.379634 -1
3742 0.400835 0.305283 -1
3743 0.133587 0.392206 -1
3744 0.133512 0.305123 -1
3745 0.935107 0.288726 -1
3746 0.935107 0.379634 -1
3747 1.46945 0.306102 -1
3748 1.20228 0.392206 -1
3749 1.20228 0.30593 -1
3750 2.0038 0.288726 -1
3751 2.0038 0.379634 -1
3752 2.53815 0.306102 -1
3753 2.27098 0.392206 -1
3754 2.27098 0.30593 -1
3755 3.0725 0.288726 -1
3756 3.0725 0.379634 -1
3757 3.60684 0.306102 -1
3758 3.33967 0.392206 -1
3759 3.33967 0.30593 -1
3760 4.14119 0.288726 -1
3761 4.14119 0.379634 -1
3762 4.67554 0.306102 -1
3763 4.40836 0.392206 -1
3764 4.40836 0.30593 -1
3765 5.20988 0.288726 -1
3766 5.20988 0.379634 -1
3767 5.74423 0.280562 -1
3768 5.47706 0.392093 -1
3769 5.47706 0.305817 -1
3770 -2.27098 0.471432 -1
3771 -2.27098 0.561477 -1
3772 -2.00934 0.548296 -1
3773 -1.20228 0.470543 -1
3774 -1.20228 0.561453 -1
3775 -0.667859 0.487101 -1
3776 -0.935107 0.574025 -1
3777 -0.935182 0.486941 -1
3778 -0.133587 0.470544 -1
3779 -0.133587 0.561453 -1
3780 0.40076 0.48792 -1
3781 0.133587 0.574025 -1
3782 0.133587 0.487748 -1
3783 0.935107 0.470544 -1
3784 0.935107 0.561453 -1
3785 1.46945 0.48792 -1
3786 1.20228 0.574025 -1
3787 1.20228 0.487748 -1
3788 2.0038 0.470544 -1
3789 2.0038 0.561453 -1
3790 2.53815 0.48792 -1
3791 2.27098 0.574025 -1
3792 2.27098 0.487748 -1
3793 3.0725 0.470544 -1
3794 3.0725 0.561453 -1
3795 3.60684 0.48792 -1
3796 3.33967 0.574025 -1
3797 3.33967 0.487748 -1
3798 4.14119 0.470544 -1
3799 4.14119 0.561453 -1
3800 4.67554 0.48792 -1
3801 4.40836 0.574025 -1
3802 4.40836 0.487748 -1
3803 5.20988 0.470544 -1
3804 5.20988 0.561494 -1
3805 5.74423 0.46242 -1
3806 5.4769 0.574647 -1
3807 5.47706 0.487644 -1
3808 -3.33967 0.653251 -1
3809 -3.33967 0.743318 -1
3810 -3.07803 0.730165 -1
3811 -2.27098 0.652362 -1
3812 -2.27098 0.743294 -1
3813 -1.73655 0.668921 -1
3814 -2.0038 0.755911 -1
3815 -2.00388 0.668761 -1
3816 -1.20228 0.652362 -1
3817 -1.20228 0.743294 -1
3818 -0.667934 0.66974 -1
3819 -0.935107 0.755911 -1
3820 -0.935107 0.669567 -1
3821 -0.133587 0.652362 -1
3822 -0.133587 0.743294 -1
3823 0.40076 0.66974 -1
3824 0.133587 0.755911 -1
3825 0.133587 0.669567 -1
3826 0.935107 0.652362 -1
3827 0.935107 0.743294 -1
3828 1.46945 0.66974 -1
3829 1.20228 0.755911 -1
3830 1.20228 0.669567 -1
3831 2.0038 0.652362 -1
3832 2.0038 0.743294 -1
3833 2.53815 0.66974 -1
3834 2.27098 0.755911 -1
3835 2.27098 0.669567 -1
3836 3.0725 0.652362 -1
3837 3.0725 0.743294 -1
3838 3.60684 0.66974 -1
3839 3.33967 0.755911 -1
3840 3.33967 0.669567 -1
3841 4.14119 0.652362 -1
3842 4.14119 0.743294 -1
3843 4.67554 0.669763 -1
3844 4.40836 0.75591 -1
3845 4.40836 0.669567 -1
3846 5.20943 0.654038 -1
3847 5.7448 0.678907 -1
3848 5.47253 0.68347 -1
3849 -4.40857 0.835754 -1
3850 -4.41341 0.929129 -1
3851 -4.15045 0.888902 -1
3852 -3.33987 0.834871 -1
3853 -3.34471 0.929111 -1
3854 -2.80525 0.852471 -1
3855 -3.06749 0.948854 -1
3856 -3.07255 0.852341 -1
3857 -2.27118 0.834871 -1
3858 -2.27602 0.929111 -1
3859 -1.73663 0.85329 -1
3860 -1.99879 0.948854 -1
3861 -2.00378 0.853148 -1
3862 -1.20249 0.834871 -1
3863 -1.20732 0.929111 -1
3864 -0.667934 0.85329 -1
3865 -0.930099 0.948854 -1
3866 -0.935087 0.853148 -1
3867 -0.133791 0.834871 -1
3868 -0.13863 0.929111 -1
3869 0.40076 0.85329 -1
3870 0.138595 0.948854 -1
3871 0.133607 0.853148 -1
3872 0.934903 0.834871 -1
3873 0.930064 0.929111 -1
3874 1.46945 0.85329 -1
3875 1.20729 0.948854 -1
3876 1.2023 0.853148 -1
3877 2.0036 0.834871 -1
3878 1.99876 0.929111 -1
3879 2.53815 0.85329 -1
3880 2.27598 0.948854 -1
3881 2.271 0.853148 -1
3882 3.07229 0.834871 -1
3883 3.06745 0.929111 -1
3884 3.60684 0.85329 -1
3885 3.34468 0.948854 -1
3886 3.33969 0.853148 -1
3887 4.14119 0.834859 -1
3888 4.14119 0.9309 -1
3889 4.67742 0.852692 -1
3890 4.40837 0.950541 -1
3891 4.40837 0.85313 -1
3892 5.19819 0.761416 -1
3893 5.87782 0.909091 1
3894 -5.00397 -1 0.863495
3895 -5.03767 -1 0.918149
3896 -3.89722 -1 0.730713
3897 -2.82842 -1 0.549059
3898 -1.75973 -1 0.367241
3899 -0.691032 -1 0.185423
3900 0.377662 -1 0.00360477
3901 1.44636 -1 -0.178213
3902 2.51505 -1 -0.360031
3903 3.58373 -1 -0.541847
3904 -4.74639 -1 0.88775
3905 -3.87507 -1 0.865703
3906 -3.91721 -1 0.929514
3907 -2.80099 -1 0.690777
3908 -2.83329 -1 0.762903
3909 -3.38299 -1 0.938637
3910 -2.83816 -1 0.893351
3911 -1.73516 -1 0.504125
3912 -1.76351 -1 0.580786
3913 -2.28773 -1 0.744809
3914 -2.2922 -1 0.83699
3915 -1.74945 -1 0.726072
3916 -2.31486 -1 0.936471
3917 -1.73683 -1 0.869546
3918 -0.666466 -1 0.322306
3919 -0.694817 -1 0.398969
3920 -1.15043 -1 0.565035
3921 -1.27944 -1 0.651946
3922 -0.685206 -1 0.544709
3923 -1.21394 -1 0.735771
3924 -1.22734 -1 0.833759
3925 -1.42261 -1 0.770241
3926 -0.662607 -1 0.685765
3927 -0.7001 -1 0.760999
3928 -1.24616 -1 0.936471
3929 -0.668589 -1 0.870609
3930 0.402228 -1 0.140488
3931 0.373877 -1 0.217151
3932 -0.0817315 -1 0.383217
3933 -0.211857 -1 0.466668
3934 0.383488 -1 0.36289
3935 -0.0858405 -1 0.563467
3936 -0.16716 -1 0.651145
3937 -0.360565 -1 0.581779
3938 0.406106 -1 0.502572
3939 0.37204 -1 0.581612
3940 -0.144577 -1 0.733158
3941 -0.180784 -1 0.79483
3942 0.388004 -1 0.726092
3943 -0.21962 -1 0.91989
3944 0.400555 -1 0.869546
3945 1.47092 -1 -0.0413296
3946 1.44257 -1 0.0353328
3947 0.986962 -1 0.201399
3948 0.856837 -1 0.28485
3949 1.45218 -1 0.181072
3950 0.982854 -1 0.381649
3951 0.901896 -1 0.475518
3952 0.711781 -1 0.403985
3953 1.4748 -1 0.320754
3954 1.44074 -1 0.399795
3955 0.984372 -1 0.560241
3956 0.857187 -1 0.650637
3957 1.45224 -1 0.544726
3958 0.923452 -1 0.735771
3959 0.91005 -1 0.833759
3960 0.714782 -1 0.770242
3961 1.47478 -1 0.685765
3962 1.43729 -1 0.760999
3963 0.891223 -1 0.936471
3964 1.4688 -1 0.870609
3965 2.53962 -1 -0.223148
3966 2.51127 -1 -0.146485
3967 2.05566 -1 0.0195807
3968 1.92553 -1 0.103031
3969 2.52088 -1 -0.000745711
3970 2.05155 -1 0.199831
3971 1.97059 -1 0.293699
3972 1.78048 -1 0.222167
3973 2.5435 -1 0.138935
3974 2.50943 -1 0.217977
3975 2.05307 -1 0.378422
3976 1.92466 -1 0.465157
3977 2.52093 -1 0.362907
3978 2.05155 -1 0.563467
3979 1.97023 -1 0.651145
3980 1.77683 -1 0.581781
3981 2.5435 -1 0.502572
3982 2.50943 -1 0.581612
3983 1.99281 -1 0.733158
3984 1.9566 -1 0.79483
3985 2.52539 -1 0.726092
3986 1.91777 -1 0.91989
3987 2.53795 -1 0.869546
3988 3.60831 -1 -0.404966
3989 3.57996 -1 -0.328303
3990 3.12435 -1 -0.162237
3991 2.99423 -1 -0.0787865
3992 3.58957 -1 -0.182564
3993 3.12024 -1 0.0180125
3994 3.03929 -1 0.111881
3995 2.84917 -1 0.0403492
3996 3.61219 -1 -0.0428826
3997 3.57812 -1 0.0361587
3998 3.12176 -1 0.196604
3999 2.99335 -1 0.283339
4000 3.58962 -1 0.181089
4001 3.12024 -1 0.381649
4002 3.03929 -1 0.475518
4003 2.84917 -1 0.403986
4004 3.61219 -1 0.320754
4005 3.57812 -1 0.399795
4006 3.12176 -1 0.560241
4007 2.99458 -1 0.650637
4008 3.58962 -1 0.544726
4009 3.06084 -1 0.735771
4010 3.04744 -1 0.833759
4011 2.85217 -1 0.770242
4012 3.61217 -1 0.685765
4013 3.57468 -1 0.760999
4014 3.02861 -1 0.936471
4015 3.60619 -1 0.870609
4016 4.66046 -1 -0.542675
4017 4.19304 -1 -0.344055
4018 4.06292 -1 -0.260605
4019 4.67791 -1 -0.402915
4020 4.64673 -1 -0.327475
4021 4.19391 -1 -0.166411
4022 4.10798 -1 -0.0699366
4023 3.91786 -1 -0.141469
4024 4.65832 -1 -0.182547
4025 4.19046 -1 0.0147861
4026 4.06204 -1 0.101521
4027 4.68088 -1 -0.0428826
4028 4.64682 -1 0.0361587
4029 4.19391 -1 0.197225
4030 4.10798 -1 0.293699
4031 3.91787 -1 0.222168
4032 4.65832 -1 0.181089
4033 4.19046 -1 0.378422
4034 4.06204 -1 0.465157
4035 4.68088 -1 0.322152
4036 4.64319 -1 0.398473
4037 4.18894 -1 0.563467
4038 4.10761 -1 0.651145
4039 3.91421 -1 0.581781
4040 4.67759 -1 0.505829
4041 4.64362 -1 0.578892
4042 4.13017 -1 0.733128
4043 4.09373 -1 0.794795
4044 4.62919 -1 0.766906
4045 4.05289 -1 0.91989
4046 4.5404 -1 0.931853
4047 5.20379 -1 -0.70799
4048 5.17471 -1 -0.61474
4049 4.98633 -1 -0.688517
4050 5.69168 -1 -0.740737
4051 5.26382 -1 -0.532092
4052 5.1786 -1 -0.438198
4053 5.76474 -1 -0.537935
4054 5.63277 -1 -0.547315
4055 5.26624 -1 -0.347741
4056 5.17598 -1 -0.255971
4057 4.98657 -1 -0.32575
4058 5.67022 -1 -0.379404
4059 5.26624 -1 -0.165923
4060 5.1786 -1 -0.0745636
4061 5.67022 -1 -0.197586
4062 5.26624 -1 0.0158946
4063 5.17598 -1 0.107665
4064 4.98657 -1 0.0378861
4065 5.67022 -1 -0.0157676
4066 5.26624 -1 0.197713
4067 5.17699 -1 0.283145
4068 5.67022 -1 0.16605
4069 5.20352 -1 0.370596
4070 5.15992 -1 0.431491
4071 4.99182 -1 0.402402
4072 5.66981 -1 0.348822
4073 5.1205 -1 0.552901
4074 5.26488 -1 0.608583
4075 5.72499 -1 0.478506
4076 5.66021 -1 0.561552
4077 4.95238 -1 0.722116
4078 5.06081 -1 0.719422
4079 5.72427 -1 0.694828
4080 5.46184 -1 0.806564
4081 5.75338 -1 0.867421
4082 5.23226 -1 0.919655
4083 5.50008 -1 0.883669
4084 -5.87782 0.909091 -1
4085 -4.40886 -0.76027 1
4086 -3.33967 -0.574021 1
4087 -2.27098 -0.392202 1
4088 -1.20228 -0.210384 1
4089 -0.133587 -0.0285661 1
4090 0.935107 0.153252 1
4091 2.0038 0.33507 1
4092 3.0725 0.516888 1
4093 4.14119 0.698724 1
4094 -5.20985 -0.809401 1
4095 -5.2119 -0.713019 1
4096 -5.74118 -0.832841 1
4097 -5.47884 -0.703594 1
4098 -4.14119 -0.619447 1
4099 -4.14119 -0.529432 1
4100 -4.40282 -0.542613 1
4101 -5.21001 -0.620433 1
4102 -5.20988 -0.529456 1
4103 -5.7443 -0.628031 1
4104 -5.47706 -0.516997 1
4105 -5.47718 -0.603374 1
4106 -3.0725 -0.437659 1
4107 -3.0725 -0.347614 1
4108 -3.33413 -0.360795 1
4109 -4.14119 -0.438547 1
4110 -4.14119 -0.347638 1
4111 -4.67561 -0.421989 1
4112 -4.40836 -0.335066 1
4113 -4.40829 -0.422149 1
4114 -5.20988 -0.438547 1
4115 -5.20988 -0.347638 1
4116 -5.74423 -0.44671 1
4117 -5.47706 -0.335179 1
4118 -5.47706 -0.421455 1
4119 -2.0038 -0.255841 1
4120 -2.0038 -0.165796 1
4121 -2.26544 -0.178977 1
4122 -3.0725 -0.256729 1
4123 -3.0725 -0.16582 1
4124 -3.60692 -0.240171 1
4125 -3.33967 -0.153248 1
4126 -3.3396 -0.240331 1
4127 -4.14119 -0.256729 1
4128 -4.14119 -0.16582 1
4129 -4.67554 -0.239352 1
4130 -4.40836 -0.153248 1
4131 -4.40836 -0.239524 1
4132 -5.20988 -0.256729 1
4133 -5.20988 -0.16582 1
4134 -5.74423 -0.264892 1
4135 -5.47706 -0.153361 1
4136 -5.47706 -0.239637 1
4137 -0.935107 -0.0740225 1
4138 -0.935107 0.0160225 1
4139 -1.19674 0.00284098 1
4140 -2.0038 -0.074911 1
4141 -2.0038 0.0159985 1
4142 -2.53822 -0.0583532 1
4143 -2.27098 0.0285704 1
4144 -2.2709 -0.0585132 1
4145 -3.0725 -0.0749106 1
4146 -3.0725 0.0159985 1
4147 -3.60684 -0.0575343 1
4148 -3.33967 0.0285704 1
4149 -3.33967 -0.0577064 1
4150 -4.14119 -0.0749106 1
4151 -4.14119 0.0159985 1
4152 -4.67554 -0.0575343 1
4153 -4.40836 0.0285704 1
4154 -4.40836 -0.0577064 1
4155 -5.20988 -0.0749106 1
4156 -5.20988 0.0159985 1
4157 -5.74423 -0.0830736 1
4158 -5.47706 0.0284575 1
4159 -5.47706 -0.0578193 1
4160 0.133587 0.107796 1
4161 0.133587 0.197841 1
4162 -0.128049 0.184659 1
4163 -0.935107 0.106907 1
4164 -0.935107 0.197817 1
4165 -1.46953 0.123465 1
4166 -1.20228 0.210388 1
4167 -1.20221 0.123305 1
4168 -2.0038 0.106908 1
4169 -2.0038 0.197817 1
4170 -2.53815 0.124284 1
4171 -2.27098 0.210388 1
4172 -2.27098 0.124112 1
4173 -3.0725 0.106908 1
4174 -3.0725 0.197817 1
4175 -3.60684 0.124284 1
4176 -3.33967 0.210388 1
4177 -3.33967 0.124112 1
4178 -4.14119 0.106908 1
4179 -4.14119 0.197817 1
4180 -4.67554 0.124284 1
4181 -4.40836 0.210388 1
4182 -4.40836 0.124112 1
4183 -5.20988 0.106908 1
4184 -5.20988 0.197817 1
4185 -5.74423 0.0987444 1
4186 -5.47706 0.210276 1
4187 -5.47706 0.123999 1
4188 1.20228 0.289614 1
4189 1.20228 0.379659 1
4190 0.940645 0.366477 1
4191 0.133587 0.288725 1
4192 0.133587 0.379634 1
4193 -0.400835 0.305283 1
4194 -0.133587 0.392206 1
4195 -0.133512 0.305123 1
4196 -0.935107 0.288726 1
4197 -0.935107 0.379634 1
4198 -1.46945 0.306102 1
4199 -1.20228 0.392206 1
4200 -1.20228 0.30593 1
4201 -2.0038 0.288726 1
4202 -2.0038 0.379634 1
4203 -2.53815 0.306102 1
4204 -2.27098 0.392206 1
4205 -2.27098 0.30593 1
4206 -3.0725 0.288726 1
4207 -3.0725 0.379634 1
4208 -3.60684 0.306102 1
4209 -3.33967 0.392206 1
4210 -3.33967 0.30593 1
4211 -4.14119 0.288726 1
4212 -4.14119 0.379634 1
4213 -4.67554 0.306102 1
4214 -4.40836 0.392206 1
4215 -4.40836 0.30593 1
4216 -5.20988 0.288726 1
4217 -5.20988 0.379634 1
4218 -5.74423 0.280562 1
4219 -5.47706 0.392093 1
4220 -5.47706 0.305817 1
4221 2.27098 0.471432 1
4222 2.27098 0.561477 1
4223 2.00934 0.548296 1
4224 1.20228 0.470543 1
4225 1.20228 0.561453 1
4226 0.667859 0.487101 1
4227 0.935107 0.574025 1
4228 0.935182 0.486941 1
4229 0.133587 0.470544 1
4230 0.133587 0.561453 1
4231 -0.40076 0.48792 1
4232 -0.133587 0.574025 1
4233 -0.133587 0.487748 1
4234 -0.935107 0.470544 1
4235 -0.935107 0.561453 1
4236 -1.46945 0.48792 1
4237 -1.20228 0.574025 1
4238 -1.20228 0.487748 1
4239 -2.0038 0.470544 1
4240 -2.0038 0.561453 1
4241 -2.53815 0.48792 1
4242 -2.27098 0.574025 1
4243 -2.27098 0.487748 1
4244 -3.0725 0.470544 1
4245 -3.0725 0.561453 1
4246 -3.60684 0.48792 1
4247 -3.33967 0.574025 1
4248 -3.33967 0.487748 1
4249 -4.14119 0.470544 1
4250 -4.14119 0.561453 1
4251 -4.67554 0.48792 1
4252 -4.40836 0.574025 1
4253 -4.40836 0.487748 1
4254 -5.20988 0.470544 1
4255 -5.20988 0.561494 1
4256 -5.74423 0.46242 1
4257 -5.4769 0.574647 1
4258 -5.47706 0.487644 1
4259 3.33967 0.653251 1
4260 3.33967 0.743387 1
4261 3.07803 0.730165 1
4262 2.27098 0.652362 1
4263 2.27098 0.743363 1
4264 1.73655 0.668921 1
4265 2.0038 0.755911 1
4266 2.00388 0.668761 1
4267 1.20228 0.652362 1
4268 1.20228 0.743363 1
4269 0.667934 0.66974 1
4270 0.935107 0.755911 1
4271 0.935107 0.669567 1
4272 0.133587 0.652362 1
4273 0.133587 0.743363 1
4274 -0.40076 0.66974 1
4275 -0.133587 0.755911 1
4276 -0.133587 0.669567 1
4277 -0.935107 0.652362 1
4278 -0.935107 0.743363 1
4279 -1.46945 0.66974 1
4280 -1.20228 0.755911 1
4281 -1.20228 0.669567 1
4282 -2.0038 0.652362 1
4283 -2.0038 0.743363 1
4284 -2.53815 0.66974 1
4285 -2.27098 0.755911 1
4286 -2.27098 0.669567 1
4287 -3.0725 0.652362 1
4288 -3.0725 0.743363 1
4289 -3.60684 0.66974 1
4290 -3.33967 0.755911 1
4291 -3.33967 0.669567 1
4292 -4.14119 0.652362 1
4293 -4.14119 0.744636 1
4294 -4.67554 0.669763 1
4295 -4.40836 0.75591 1
4296 -4.40836 0.669567 1
4297 -5.20943 0.654038 1
4298 -5.7448 0.678907 1
4299 -5.47253 0.68347 1
4300 4.40836 0.83572 1
4301 4.40836 0.930925 1
4302 4.14145 0.952271 1
4303 4.15015 0.883516 1
4304 3.34479 0.838039 1
4305 2.80525 0.852471 1
4306 3.0734 0.857768 1
4307 2.2761 0.83804 1
4308 1.73663 0.85329 1
4309 2.00464 0.858468 1
4310 1.2074 0.83804 1
4311 0.667934 0.85329 1
4312 0.935943 0.858468 1
4313 0.138709 0.83804 1
4314 -0.40076 0.85329 1
4315 -0.132751 0.858468 1
4316 -0.929985 0.83804 1
4317 -1.46945 0.85329 1
4318 -1.20145 0.858468 1
4319 -1.99868 0.83804 1
4320 -2.53815 0.85329 1
4321 -2.27014 0.858468 1
4322 -3.06737 0.83804 1
4323 -3.60684 0.85329 1
4324 -3.33883 0.858468 1
4325 -4.14119 0.872732 1
4326 -4.67742 0.852692 1
4327 -4.40837 0.95061 1
4328 -4.40837 0.853199 1
4329 -5.19819 0.761416 1
4330 4.93098 1 0.902387
4331 5.20988 1 1
4332 5.74423 1 1
4333 3.8977 1 0.73122
4334 2.8284 1 0.549068
4335 1.75973 1 0.367241
4336 0.691032 1 0.185423
4337 -0.377662 1 0.00360477
4338 -1.44636 1 -0.178213
4339 -2.51505 1 -0.360031
4340 -3.58373 1 -0.541847
4341 3.88501 1 0.868904
4342 3.84827 1 0.933295
4343 4.14119 1 1
4344 4.67554 1 1
4345 3.59862 1 0.772671
4346 2.80223 1 0.692154
4347 3.58776 1 0.886531
4348 2.85665 1 0.812831
4349 2.78237 1 0.925844
4350 3.07217 1 0.967742
4351 3.60684 1 1
4352 1.73225 1 0.509005
4353 1.76647 1 0.58062
4354 2.21992 1 0.790095
4355 2.47008 1 0.751814
4356 1.73301 1 0.693571
4357 2.51614 1 0.885438
4358 1.77665 1 0.864099
4359 1.70811 1 0.92913
4360 2.00348 1 0.967754
4361 2.53815 1 1
4362 0.666466 1 0.322306
4363 0.694817 1 0.398969
4364 1.21537 1 0.557647
4365 1.24875 1 0.613966
4366 0.684862 1 0.545742
4367 1.15109 1 0.7901
4368 1.40504 1 0.750981
4369 0.663914 1 0.691139
4370 1.44767 1 0.886821
4371 0.707956 1 0.864099
4372 0.639416 1 0.92913
4373 0.934786 1 0.967754
4374 1.46945 1 1
4375 -0.402228 1 0.140488
4376 -0.373877 1 0.217151
4377 0.0817315 1 0.383217
4378 0.210746 1 0.47013
4379 -0.383488 1 0.36289
4380 0.145839 1 0.552768
4381 0.180096 1 0.615022
4382 0.356349 1 0.586474
4383 -0.406108 1 0.503971
4384 -0.36881 1 0.580086
4385 0.0823965 1 0.7901
4386 0.34776 1 0.73622
4387 -0.40433 1 0.692202
4388 0.37914 1 0.88507
4389 -0.360738 1 0.864099
4390 -0.429279 1 0.92913
4391 -0.133908 1 0.967754
4392 0.40076 1 1
4393 -1.47092 1 -0.0413296
4394 -1.44257 1 0.0353328
4395 -0.986962 1 0.201399
4396 -0.856837 1 0.28485
4397 -1.45218 1 0.181072
4398 -0.982854 1 0.381649
4399 -0.901535 1 0.469328
4400 -0.708129 1 0.399961
4401 -1.4748 1 0.320754
4402 -1.44074 1 0.399795
4403 -0.924234 1 0.551319
4404 -0.888488 1 0.613508
4405 -1.45258 1 0.545759
4406 -0.986298 1 0.7901
4407 -0.732238 1 0.749764
4408 -1.47347 1 0.691139
4409 -0.689718 1 0.886821
4410 -1.42943 1 0.864099
4411 -1.49797 1 0.92913
4412 -1.2026 1 0.967754
4413 -0.667934 1 1
4414 -2.53962 1 -0.223148
4415 -2.51127 1 -0.146485
4416 -2.05566 1 0.0195807
4417 -1.92553 1 0.103031
4418 -2.52088 1 -0.000745711
4419 -2.05155 1 0.199831
4420 -1.97059 1 0.293699
4421 -1.78048 1 0.222167
4422 -2.5435 1 0.138935
4423 -2.50943 1 0.217977
4424 -2.05307 1 0.378422
4425 -1.92588 1 0.46882
4426 -2.52093 1 0.362907
4427 -1.99155 1 0.552768
4428 -1.95729 1 0.615022
4429 -1.78104 1 0.586475
4430 -2.5435 1 0.503971
4431 -2.5062 1 0.580086
4432 -2.05499 1 0.7901
4433 -1.78963 1 0.73622
4434 -2.54172 1 0.692202
4435 -1.75825 1 0.88507
4436 -2.49813 1 0.864099
4437 -2.56667 1 0.92913
4438 -2.2713 1 0.967754
4439 -1.73663 1 1
4440 -3.60831 1 -0.404966
4441 -3.57996 1 -0.328303
4442 -3.12435 1 -0.162237
4443 -2.99423 1 -0.0787865
4444 -3.58957 1 -0.182564
4445 -3.12024 1 0.0180125
4446 -3.03929 1 0.111881
4447 -2.84917 1 0.0403492
4448 -3.61219 1 -0.0428826
4449 -3.57812 1 0.0361587
4450 -3.12176 1 0.196604
4451 -2.99335 1 0.283339
4452 -3.58962 1 0.181089
4453 -3.12024 1 0.381649
4454 -3.03892 1 0.469328
4455 -2.84552 1 0.399962
4456 -3.61219 1 0.320754
4457 -3.57812 1 0.399795
4458 -3.06162 1 0.551319
4459 -3.02588 1 0.613508
4460 -3.58997 1 0.545759
4461 -3.12369 1 0.7901
4462 -2.86963 1 0.749764
4463 -3.61086 1 0.691139
4464 -2.82711 1 0.886821
4465 -3.56682 1 0.864099
4466 -3.63536 1 0.92913
4467 -3.33999 1 0.967754
4468 -2.80532 1 1
4469 -4.66046 1 -0.542675
4470 -4.19304 1 -0.344055
4471 -4.06292 1 -0.260605
4472 -4.67791 1 -0.402915
4473 -4.64673 1 -0.327475
4474 -4.19391 1 -0.166411
4475 -4.10798 1 -0.0699366
4476 -3.91786 1 -0.141469
4477 -4.65832 1 -0.182547
4478 -4.19046 1 0.0147861
4479 -4.06204 1 0.101521
4480 -4.68088 1 -0.0428826
4481 -4.64682 1 0.0361587
4482 -4.19391 1 0.197225
4483 -4.10798 1 0.293699
4484 -3.91787 1 0.222168
4485 -4.65832 1 0.181089
4486 -4.19046 1 0.378422
4487 -4.06327 1 0.46882
4488 -4.68088 1 0.322152
4489 -4.64319 1 0.398473
4490 -4.12894 1 0.552768
4491 -4.09468 1 0.615022
4492 -3.91843 1 0.586475
4493 -4.68013 1 0.51059
4494 -4.64206 1 0.581379
4495 -4.19228 1 0.790105
4496 -3.92702 1 0.73622
4497 -4.66301 1 0.692585
4498 -4.64526 1 0.767482
4499 -3.89564 1 0.88507
4500 -4.39647 1 0.967836
4501 -4.40836 1 1
4502 -3.87402 1 1
4503 -5.20379 1 -0.70799
4504 -5.17471 1 -0.61474
4505 -4.98633 1 -0.688517
4506 -5.69154 1 -0.741616
4507 -5.26382 1 -0.532092
4508 -5.1786 1 -0.438198
4509 -5.67231 1 -0.561889
4510 -5.26624 1 -0.347741
4511 -5.17598 1 -0.255971
4512 -4.98657 1 -0.32575
4513 -5.67022 1 -0.379404
4514 -5.26624 1 -0.165923
4515 -5.1786 1 -0.0745636
4516 -5.67022 1 -0.197586
4517 -5.26624 1 0.0158946
4518 -5.17598 1 0.107665
4519 -4.98657 1 0.0378861
4520 -5.67022 1 -0.0157676
4521 -5.26624 1 0.197713
4522 -5.17699 1 0.283145
4523 -5.67022 1 0.16605
4524 -5.20352 1 0.370596
4525 -5.15992 1 0.431491
4526 -4.99182 1 0.402402
4527 -5.66981 1 0.348822
4528 -5.12049 1 0.552891
4529 -5.26487 1 0.60858
4530 -5.72499 1 0.478506
4531 -5.66021 1 0.561552
4532 -4.9487 1 0.71537
4533 -5.05753 1 0.72153
4534 -5.72427 1 0.694828
4535 -5.4605 1 0.807119
4536 -5.75351 1 0.865991
4537 -5.20707 1 0.876071
4538 -5.4989 1 0.883035
4539 -5.47656 -0.683603 -1
4540 -5.46767 -0.78969 -1
4541 -5.41858 -0.891462 -1
4542 -5.47706 -0.48783 -1
4543 -5.47704 -0.576783 -1
4544 -5.47706 -0.305926 -1
4545 -5.47706 -0.392203 -1
4546 -5.47706 -0.124108 -1
4547 -5.47706 -0.210385 -1
4548 -5.47706 0.0577097 -1
4549 -5.47706 -0.0285671 -1
4550 -5.47706 0.239528 -1
4551 -5.47706 0.153251 -1
4552 -5.47706 0.421346 -1
4553 -5.47706 0.335069 -1
4554 -5.47718 0.603288 -1
4555 -5.47706 0.516887 -1
4556 -5.47884 0.703563 -1
4557 -5.30118 -0.903069 -1
4558 -4.40837 -0.85313 -1
4559 -4.40837 -0.950541 -1
4560 -5.74415 -0.675526 -1
4561 -5.20985 -0.652244 -1
4562 -5.20878 -0.743887 -1
4563 -4.40836 -0.669567 -1
4564 -4.40836 -0.75591 -1
4565 -4.67751 -0.852479 -1
4566 -4.14119 -0.834816 -1
4567 -4.14119 -0.930889 -1
4568 -3.33969 -0.853148 -1
4569 -3.34468 -0.948854 -1
4570 -5.74423 -0.487141 -1
4571 -5.20988 -0.470479 -1
4572 -5.20988 -0.561394 -1
4573 -4.40836 -0.487748 -1
4574 -4.40836 -0.574025 -1
4575 -4.67554 -0.669673 -1
4576 -4.14119 -0.652298 -1
4577 -4.14119 -0.743229 -1
4578 -3.33967 -0.669567 -1
4579 -3.33967 -0.755911 -1
4580 -3.60684 -0.853247 -1
4581 -3.07229 -0.834828 -1
4582 -3.06745 -0.9291 -1
4583 -2.271 -0.853148 -1
4584 -2.27598 -0.948854 -1
4585 -5.74423 -0.305246 -1
4586 -5.20988 -0.288661 -1
4587 -5.20988 -0.37957 -1
4588 -4.40836 -0.30593 -1
4589 -4.40836 -0.392206 -1
4590 -4.67554 -0.487855 -1
4591 -4.14119 -0.470479 -1
4592 -4.14119 -0.561388 -1
4593 -3.33967 -0.487748 -1
4594 -3.33967 -0.574025 -1
4595 -3.60684 -0.669675 -1
4596 -3.0725 -0.652298 -1
4597 -3.0725 -0.743229 -1
4598 -2.27098 -0.669567 -1
4599 -2.27098 -0.755911 -1
4600 -2.53815 -0.853247 -1
4601 -2.0036 -0.834828 -1
4602 -1.99876 -0.9291 -1
4603 -1.2023 -0.853148 -1
4604 -1.20729 -0.948854 -1
4605 -5.74423 -0.123428 -1
4606 -5.20988 -0.106843 -1
4607 -5.20988 -0.197752 -1
4608 -4.40836 -0.124112 -1
4609 -4.40836 -0.210388 -1
4610 -4.67554 -0.306037 -1
4611 -4.14119 -0.288661 -1
4612 -4.14119 -0.37957 -1
4613 -3.33967 -0.30593 -1
4614 -3.33967 -0.392206 -1
4615 -3.60684 -0.487855 -1
4616 -3.0725 -0.470479 -1
4617 -3.0725 -0.561388 -1
4618 -2.27098 -0.487748 -1
4619 -2.27098 -0.574025 -1
4620 -2.53815 -0.669675 -1
4621 -2.0038 -0.652298 -1
4622 -2.0038 -0.743229 -1
4623 -1.20228 -0.669567 -1
4624 -1.20228 -0.755911 -1
4625 -1.46945 -0.853247 -1
4626 -0.934903 -0.834828 -1
4627 -0.930064 -0.9291 -1
4628 -0.133607 -0.853148 -1
4629 -0.138595 -0.948854 -1
4630 -5.74423 0.0583897 -1
4631 -5.20988 0.0749751 -1
4632 -5.20988 -0.0159339 -1
4633 -4.40836 0.0577064 -1
4634 -4.40836 -0.0285704 -1
4635 -4.67554 -0.124219 -1
4636 -4.14119 -0.106843 -1
4637 -4.14119 -0.197752 -1
4638 -3.33967 -0.124112 -1
4639 -3.33967 -0.210388 -1
4640 -3.60684 -0.306037 -1
4641 -3.0725 -0.288661 -1
4642 -3.0725 -0.37957 -1
4643 -2.27098 -0.30593 -1
4644 -2.27098 -0.392206 -1
4645 -2.53815 -0.487855 -1
4646 -2.0038 -0.470479 -1
4647 -2.0038 -0.561388 -1
4648 -1.20228 -0.487748 -1
4649 -1.20228 -0.574025 -1
4650 -1.46945 -0.669675 -1
4651 -0.935107 -0.652298 -1
4652 -0.935107 -0.743229 -1
4653 -0.133587 -0.669567 -1
4654 -0.133587 -0.755911 -1
4655 -0.40076 -0.853247 -1
4656 0.133791 -0.834828 -1
4657 0.13863 -0.9291 -1
4658 0.935087 -0.853148 -1
4659 0.930099 -0.948854 -1
4660 -5.74423 0.240208 -1
4661 -5.20988 0.256793 -1
4662 -5.20988 0.165884 -1
4663 -4.40836 0.239524 -1
4664 -4.40836 0.153248 -1
4665 -4.67554 0.0575988 -1
4666 -4.14119 0.0749751 -1
4667 -4.14119 -0.0159339 -1
4668 -3.33967 0.0577064 -1
4669 -3.33967 -0.0285704 -1
4670 -3.60684 -0.124219 -1
4671 -3.0725 -0.106843 -1
4672 -3.0725 -0.197752 -1
4673 -2.27098 -0.124112 -1
4674 -2.27098 -0.210388 -1
4675 -2.53815 -0.306037 -1
4676 -2.0038 -0.288661 -1
4677 -2.0038 -0.37957 -1
4678 -1.20228 -0.30593 -1
4679 -1.20228 -0.392206 -1
4680 -1.46945 -0.487855 -1
4681 -0.935107 -0.470479 -1
4682 -0.935107 -0.561388 -1
4683 -0.133587 -0.487748 -1
4684 -0.133587 -0.574025 -1
4685 -0.40076 -0.669675 -1
4686 0.133587 -0.652298 -1
4687 0.133587 -0.743229 -1
4688 0.935107 -0.669567 -1
4689 0.935107 -0.755911 -1
4690 0.667934 -0.853247 -1
4691 1.20249 -0.834828 -1
4692 1.20732 -0.9291 -1
4693 2.00378 -0.853148 -1
4694 1.99879 -0.948854 -1
4695 -5.74423 0.422026 -1
4696 -5.20988 0.438611 -1
4697 -5.20988 0.347702 -1
4698 -4.40829 0.422149 -1
4699 -4.40836 0.335066 -1
4700 -4.67554 0.239417 -1
4701 -4.14119 0.256793 -1
4702 -4.14119 0.165884 -1
4703 -3.3396 0.240331 -1
4704 -3.33967 0.153248 -1
4705 -3.60684 0.0575988 -1
4706 -3.0725 0.0749751 -1
4707 -3.0725 -0.0159339 -1
4708 -2.2709 0.0585132 -1
4709 -2.27098 -0.0285704 -1
4710 -2.53815 -0.124219 -1
4711 -2.0038 -0.106843 -1
4712 -2.0038 -0.197752 -1
4713 -1.20221 -0.123305 -1
4714 -1.20228 -0.210388 -1
4715 -1.46945 -0.306037 -1
4716 -0.935107 -0.288661 -1
4717 -0.935107 -0.37957 -1
4718 -0.133512 -0.305123 -1
4719 -0.133587 -0.392206 -1
4720 -0.40076 -0.487855 -1
4721 0.133587 -0.470479 -1
4722 0.133587 -0.561388 -1
4723 0.935182 -0.486941 -1
4724 0.935107 -0.574025 -1
4725 0.667934 -0.669675 -1
4726 1.20228 -0.652298 -1
4727 1.20228 -0.743229 -1
4728 2.00388 -0.668761 -1
4729 2.0038 -0.755911 -1
4730 1.73663 -0.853247 -1
4731 2.27118 -0.834828 -1
4732 2.27602 -0.9291 -1
4733 3.07255 -0.852341 -1
4734 3.06749 -0.948854 -1
4735 -5.7443 0.604665 -1
4736 -5.21001 0.620498 -1
4737 -5.20988 0.52952 -1
4738 -4.40273 0.542576 -1
4739 -4.67554 0.421235 -1
4740 -4.14119 0.438612 -1
4741 -4.14119 0.347702 -1
4742 -3.33404 0.360758 -1
4743 -3.60684 0.239417 -1
4744 -3.0725 0.256794 -1
4745 -3.0725 0.165884 -1
4746 -2.26534 0.17894 -1
4747 -2.53815 0.0575989 -1
4748 -2.0038 0.0749757 -1
4749 -2.0038 -0.0159339 -1
4750 -1.19665 -0.00287819 -1
4751 -1.46945 -0.124219 -1
4752 -0.935107 -0.106842 -1
4753 -0.935107 -0.197752 -1
4754 -0.127954 -0.184696 -1
4755 -0.40076 -0.306037 -1
4756 0.133587 -0.28866 -1
4757 0.133587 -0.37957 -1
4758 0.94074 -0.366514 -1
4759 0.667934 -0.487855 -1
4760 1.20228 -0.470479 -1
4761 1.20228 -0.561388 -1
4762 2.00943 -0.548333 -1
4763 1.73663 -0.669675 -1
4764 2.27098 -0.652297 -1
4765 2.27098 -0.743229 -1
4766 3.07813 -0.730202 -1
4767 2.80532 -0.853247 -1
4768 3.33987 -0.834828 -1
4769 3.34471 -0.9291 -1
4770 4.15013 -0.883634 -1
4771 4.13897 -0.948833 -1
4772 -5.74118 0.832825 -1
4773 -5.21002 0.807438 -1
4774 -5.2119 0.713073 -1
4775 -4.40847 0.755807 -1
4776 -4.67561 0.604275 -1
4777 -4.14119 0.619499 -1
4778 -4.14119 0.529486 -1
4779 -3.33978 0.573966 -1
4780 -3.60692 0.422456 -1
4781 -3.0725 0.43768 -1
4782 -3.0725 0.347668 -1
4783 -2.27108 0.392148 -1
4784 -2.53822 0.240638 -1
4785 -2.0038 0.255862 -1
4786 -2.0038 0.16585 -1
4787 -1.20239 0.21033 -1
4788 -1.46953 0.0588199 -1
4789 -0.935107 0.0740442 -1
4790 -0.935107 -0.0159683 -1
4791 -0.133696 0.0285117 -1
4792 -0.400835 -0.122998 -1
4793 0.133587 -0.107774 -1
4794 0.133587 -0.197786 -1
4795 0.934998 -0.153306 -1
4796 0.667859 -0.304816 -1
4797 1.20228 -0.289592 -1
4798 1.20228 -0.379604 -1
4799 2.00369 -0.335124 -1
4800 1.73655 -0.486635 -1
4801 2.27098 -0.47141 -1
4802 2.27098 -0.561423 -1
4803 3.07239 -0.516943 -1
4804 2.80525 -0.668454 -1
4805 3.33967 -0.653229 -1
4806 3.33967 -0.743264 -1
4807 4.14108 -0.698779 -1
4808 3.87394 -0.852016 -1
4809 4.40857 -0.835754 -1
4810 4.41341 -0.929129 -1
4811 5.19804 -0.900932 -1
4812 5.87782 -0.909091 -1
4813 -5.49235 -1 -0.930699
4814 -3.87402 -1 -1
4815 -4.62358 -1 -0.899949
4816 -4.40836 -1 -1
4817 -2.80532 -1 -1
4818 -3.7005 -1 -0.853798
4819 -1.73663 -1 -1
4820 -2.6318 -1 -0.853798
4821 -0.667934 -1 -1
4822 -1.56311 -1 -0.853798
4823 0.40076 -1 -1
4824 -0.494412 -1 -0.853798
4825 1.46945 -1 -1
4826 0.574282 -1 -0.853798
4827 2.53815 -1 -1
4828 1.64061 -1 -0.849426
4829 3.60684 -1 -1
4830 2.71348 -1 -0.848067
4831 4.67554 -1 -1
4832 3.80146 -1 -0.88763
4833 4.13811 -1 -0.962014
4834 -5.22053 -1 -0.901339
4835 -5.75631 -1 -0.707868
4836 -5.34562 -1 -0.823224
4837 -5.38179 -1 -0.744047
4838 -5.47572 -1 -0.847985
4839 -4.03143 -1 -0.913338
4840 -4.4644 -1 -0.65689
4841 -4.729 -1 -0.682123
4842 -4.47479 -1 -0.719668
4843 -5.18303 -1 -0.785274
4844 -4.96543 -1 -0.788064
4845 -5.10449 -1 -0.716252
4846 -2.96274 -1 -0.913338
4847 -3.39597 -1 -0.656812
4848 -3.66119 -1 -0.676062
4849 -3.40836 -1 -0.719042
4850 -3.93294 -1 -0.761792
4851 -4.46464 -1 -0.474991
4852 -4.72955 -1 -0.494155
4853 -4.47687 -1 -0.537042
4854 -5.00309 -1 -0.575043
4855 -1.89405 -1 -0.913338
4856 -2.32728 -1 -0.656812
4857 -2.5925 -1 -0.676062
4858 -2.33967 -1 -0.719042
4859 -2.86425 -1 -0.761792
4860 -3.39595 -1 -0.474991
4861 -3.66099 -1 -0.494162
4862 -3.40818 -1 -0.537042
4863 -3.97526 -1 -0.586685
4864 -4.46464 -1 -0.293173
4865 -4.72956 -1 -0.312334
4866 -4.47687 -1 -0.355223
4867 -5.03723 -1 -0.407778
4868 -5.09224 -1 -0.348701
4869 -0.825355 -1 -0.913338
4870 -1.25859 -1 -0.656812
4871 -1.5238 -1 -0.676062
4872 -1.27097 -1 -0.719042
4873 -1.79555 -1 -0.761792
4874 -2.32726 -1 -0.474991
4875 -2.5923 -1 -0.494162
4876 -2.33948 -1 -0.537042
4877 -2.90657 -1 -0.586685
4878 -3.39595 -1 -0.293173
4879 -3.66099 -1 -0.312344
4880 -3.40818 -1 -0.355223
4881 -3.97526 -1 -0.404866
4882 -4.46464 -1 -0.111355
4883 -4.72956 -1 -0.130516
4884 -4.47687 -1 -0.173405
4885 -4.99503 -1 -0.216278
4886 -5.09007 -1 -0.169006
4887 0.243339 -1 -0.913338
4888 -0.189891 -1 -0.656812
4889 -0.455108 -1 -0.676062
4890 -0.20228 -1 -0.719042
4891 -0.726858 -1 -0.761792
4892 -1.25856 -1 -0.474991
4893 -1.52361 -1 -0.494162
4894 -1.27079 -1 -0.537042
4895 -1.83787 -1 -0.586685
4896 -2.32726 -1 -0.293173
4897 -2.5923 -1 -0.312344
4898 -2.33948 -1 -0.355223
4899 -2.90657 -1 -0.404866
4900 -3.39595 -1 -0.111355
4901 -3.66099 -1 -0.130526
4902 -3.40818 -1 -0.173405
4903 -3.97526 -1 -0.223048
4904 -4.46464 -1 0.0704629
4905 -4.72956 -1 0.0513018
4906 -4.47687 -1 0.00841274
4907 -4.99503 -1 -0.0344595
4908 -5.09007 -1 0.0128123
4909 1.31203 -1 -0.913338
4910 0.878803 -1 -0.656812
4911 0.613587 -1 -0.676062
4912 0.866414 -1 -0.719042
4913 0.341836 -1 -0.761792
4914 -0.189866 -1 -0.474991
4915 -0.45491 -1 -0.494162
4916 -0.202092 -1 -0.537042
4917 -0.76918 -1 -0.586685
4918 -1.25856 -1 -0.293173
4919 -1.52361 -1 -0.312344
4920 -1.27079 -1 -0.355223
4921 -1.83787 -1 -0.404866
4922 -2.32726 -1 -0.111355
4923 -2.5923 -1 -0.130526
4924 -2.33948 -1 -0.173405
4925 -2.90657 -1 -0.223048
4926 -3.39595 -1 0.0704629
4927 -3.66099 -1 0.0512922
4928 -3.40818 -1 0.00841275
4929 -3.97526 -1 -0.0412299
4930 -4.46464 -1 0.252281
4931 -4.72956 -1 0.23312
4932 -4.47687 -1 0.190231
4933 -4.99503 -1 0.147359
4934 -5.09007 -1 0.19463
4935 2.37907 -1 -0.908682
4936 1.94782 -1 -0.659332
4937 1.71683 -1 -0.685846
4938 1.93385 -1 -0.719596
4939 1.40511 -1 -0.764472
4940 0.879155 -1 -0.477511
4941 0.648335 -1 -0.503933
4942 0.86534 -1 -0.537596
4943 0.292404 -1 -0.589342
4944 -0.189539 -1 -0.295693
4945 -0.420359 -1 -0.322115
4946 -0.203354 -1 -0.355777
4947 -0.776288 -1 -0.407524
4948 -1.25823 -1 -0.113875
4949 -1.48905 -1 -0.140297
4950 -1.27205 -1 -0.173959
4951 -1.84498 -1 -0.225706
4952 -2.32693 -1 0.067943
4953 -2.55775 -1 0.041521
4954 -2.34074 -1 0.00785881
4955 -2.91368 -1 -0.0438878
4956 -3.39562 -1 0.249761
4957 -3.62644 -1 0.223339
4958 -3.40944 -1 0.189677
4959 -3.98237 -1 0.13793
4960 -4.46432 -1 0.431579
4961 -4.6951 -1 0.405159
4962 -4.47813 -1 0.371495
4963 -4.99502 -1 0.329177
4964 -5.09004 -1 0.376452
4965 3.57133 -1 -0.923754
4966 3.48637 -1 -0.89988
4967 2.91875 -1 -0.721246
4968 2.48533 -1 -0.766031
4969 2.40819 -1 -0.761173
4970 2.06155 -1 -0.487682
4971 1.8546 -1 -0.537416
4972 1.41033 -1 -0.582368
4973 1.33417 -1 -0.562361
4974 0.992853 -1 -0.305864
4975 0.785904 -1 -0.355598
4976 0.34164 -1 -0.400549
4977 0.265471 -1 -0.380542
4978 -0.0758416 -1 -0.124046
4979 -0.28279 -1 -0.17378
4980 -0.727054 -1 -0.218731
4981 -0.803223 -1 -0.198724
4982 -1.14454 -1 0.0577725
4983 -1.35148 -1 0.00803841
4984 -1.79575 -1 -0.036913
4985 -1.87192 -1 -0.0169059
4986 -2.21323 -1 0.239591
4987 -2.42018 -1 0.189856
4988 -2.86444 -1 0.144905
4989 -2.94061 -1 0.164912
4990 -3.28193 -1 0.421409
4991 -3.48887 -1 0.371675
4992 -3.93314 -1 0.326723
4993 -4.00931 -1 0.34673
4994 -4.35054 -1 0.603217
4995 -4.55678 -1 0.553386
4996 -4.99486 -1 0.513997
4997 -5.08816 -1 0.557514
4998 -5.57223 -1 0.784645
4999 -5.58065 -1 0.731046
5000 4.51725 -1 -0.906022
5001 4.63074 -1 -0.931274
5002 3.62216 -1 -0.761028
5003 3.55273 -1 -0.657709
5004 2.55193 -1 -0.573356
5005 2.48501 -1 -0.470093
5006 1.47879 -1 -0.389898
5007 1.41632 -1 -0.288275
5008 0.410093 -1 -0.20808
5009 0.347624 -1 -0.106457
5010 -0.658601 -1 -0.0262623
5011 -0.72107 -1 0.075361
5012 -1.7273 -1 0.155556
5013 -1.78977 -1 0.257179
5014 -2.79599 -1 0.337374
5015 -2.85846 -1 0.438997
5016 -3.86468 -1 0.519192
5017 -3.92715 -1 0.620815
5018 -4.86868 -1 0.756185
5019 -4.91564 -1 0.697201
5020 -5.87782 -0.909091 1
5021 5.49244 -0.964268 1
5022 5.47656 -0.683603 1
5023 5.46767 -0.78969 1
5024 5.419 -0.890458 1
5025 5.47706 -0.48783 1
5026 5.47704 -0.576783 1
5027 5.47706 -0.305926 1
5028 5.47706 -0.392203 1
5029 5.47706 -0.124108 1
5030 5.47706 -0.210385 1
5031 5.47706 0.0577097 1
5032 5.47706 -0.0285671 1
5033 5.47706 0.239528 1
5034 5.47706 0.153251 1
5035 5.47706 0.421346 1
5036 5.47706 0.335069 1
5037 5.47698 0.603972 1
5038 5.47706 0.516887 1
5039 5.47152 0.724505 1
5040 5.30118 -0.903069 1
5041 4.41161 -0.865845 1
5042 5.74415 -0.675526 1
5043 5.20985 -0.652244 1
5044 5.20878 -0.743887 1
5045 4.40836 -0.669651 1
5046 4.40847 -0.758592 1
5047 4.67794 -0.85656 1
5048 4.1446 -0.864318 1
5049 3.34197 -0.865884 1
5050 5.74423 -0.487141 1
5051 5.20988 -0.470479 1
5052 5.20988 -0.561394 1
5053 4.40836 -0.487748 1
5054 4.40836 -0.574025 1
5055 4.67554 -0.669748 1
5056 4.14119 -0.652338 1
5057 4.14139 -0.745451 1
5058 3.33967 -0.669651 1
5059 3.33982 -0.758624 1
5060 3.61517 -0.888443 1
5061 3.07591 -0.864318 1
5062 2.27328 -0.865884 1
5063 5.74423 -0.305246 1
5064 5.20988 -0.288661 1
5065 5.20988 -0.37957 1
5066 4.40836 -0.30593 1
5067 4.40836 -0.392206 1
5068 4.67554 -0.487855 1
5069 4.14119 -0.470479 1
5070 4.14119 -0.561388 1
5071 3.33967 -0.487748 1
5072 3.33967 -0.574025 1
5073 3.60685 -0.669782 1
5074 3.0725 -0.652338 1
5075 3.07269 -0.745451 1
5076 2.27098 -0.669651 1
5077 2.27112 -0.758624 1
5078 2.54648 -0.888443 1
5079 2.00721 -0.864318 1
5080 1.20458 -0.865884 1
5081 5.74423 -0.123428 1
5082 5.20988 -0.106843 1
5083 5.20988 -0.197752 1
5084 4.40836 -0.124112 1
5085 4.40836 -0.210388 1
5086 4.67554 -0.306037 1
5087 4.14119 -0.288661 1
5088 4.14119 -0.37957 1
5089 3.33967 -0.30593 1
5090 3.33967 -0.392206 1
5091 3.60684 -0.487855 1
5092 3.0725 -0.470479 1
5093 3.0725 -0.561388 1
5094 2.27098 -0.487748 1
5095 2.27098 -0.574025 1
5096 2.53815 -0.669782 1
5097 2.0038 -0.652338 1
5098 2.004 -0.745451 1
5099 1.20228 -0.669651 1
5100 1.20243 -0.758624 1
5101 1.47778 -0.888443 1
5102 0.938521 -0.864318 1
5103 0.13589 -0.865884 1
5104 5.74423 0.0583897 1
5105 5.20988 0.0749751 1
5106 5.20988 -0.0159339 1
5107 4.40836 0.0577064 1
5108 4.40836 -0.0285704 1
5109 4.67554 -0.124219 1
5110 4.14119 -0.106843 1
5111 4.14119 -0.197752 1
5112 3.33967 -0.124112 1
5113 3.33967 -0.210388 1
5114 3.60684 -0.306037 1
5115 3.0725 -0.288661 1
5116 3.0725 -0.37957 1
5117 2.27098 -0.30593 1
5118 2.27098 -0.392206 1
5119 2.53815 -0.487855 1
5120 2.0038 -0.470479 1
5121 2.0038 -0.561388 1
5122 1.20228 -0.487748 1
5123 1.20228 -0.574025 1
5124 1.46946 -0.669782 1
5125 0.935109 -0.652338 1
5126 0.935303 -0.745451 1
5127 0.133589 -0.669651 1
5128 0.133736 -0.758624 1
5129 0.409088 -0.888443 1
5130 -0.130173 -0.864318 1
5131 -0.932804 -0.865884 1
5132 5.74423 0.240208 1
5133 5.20988 0.256793 1
5134 5.20988 0.165884 1
5135 4.40836 0.239524 1
5136 4.40836 0.153248 1
5137 4.67554 0.0575988 1
5138 4.14119 0.0749751 1
5139 4.14119 -0.0159339 1
5140 3.33967 0.0577064 1
5141 3.33967 -0.0285704 1
5142 3.60684 -0.124219 1
5143 3.0725 -0.106843 1
5144 3.0725 -0.197752 1
5145 2.27098 -0.124112 1
5146 2.27098 -0.210388 1
5147 2.53815 -0.306037 1
5148 2.0038 -0.288661 1
5149 2.0038 -0.37957 1
5150 1.20228 -0.30593 1
5151 1.20228 -0.392206 1
5152 1.46945 -0.487855 1
5153 0.935107 -0.470479 1
5154 0.935107 -0.561388 1
5155 0.133587 -0.487748 1
5156 0.133587 -0.574025 1
5157 0.400764 -0.669782 1
5158 -0.133585 -0.652338 1
5159 -0.133391 -0.745451 1
5160 -0.935105 -0.669651 1
5161 -0.934959 -0.758624 1
5162 -0.659606 -0.888443 1
5163 -1.19887 -0.864318 1
5164 -2.0015 -0.865884 1
5165 5.74423 0.422026 1
5166 5.20988 0.438611 1
5167 5.20988 0.347702 1
5168 4.40829 0.422149 1
5169 4.40836 0.335066 1
5170 4.67554 0.239417 1
5171 4.14119 0.256793 1
5172 4.14119 0.165884 1
5173 3.3396 0.240331 1
5174 3.33967 0.153248 1
5175 3.60684 0.0575988 1
5176 3.0725 0.0749751 1
5177 3.0725 -0.0159339 1
5178 2.2709 0.0585132 1
5179 2.27098 -0.0285704 1
5180 2.53815 -0.124219 1
5181 2.0038 -0.106843 1
5182 2.0038 -0.197752 1
5183 1.20221 -0.123305 1
5184 1.20228 -0.210388 1
5185 1.46945 -0.306037 1
5186 0.935107 -0.288661 1
5187 0.935107 -0.37957 1
5188 0.133512 -0.305123 1
5189 0.133587 -0.392206 1
5190 0.40076 -0.487855 1
5191 -0.133587 -0.470479 1
5192 -0.133587 -0.561388 1
5193 -0.935182 -0.486941 1
5194 -0.935107 -0.574025 1
5195 -0.66793 -0.669782 1
5196 -1.20228 -0.652338 1
5197 -1.20209 -0.745451 1
5198 -2.00387 -0.668844 1
5199 -2.00365 -0.758624 1
5200 -1.7283 -0.888443 1
5201 -2.26756 -0.864318 1
5202 -3.07019 -0.865915 1
5203 5.74423 0.603835 1
5204 5.20988 0.620431 1
5205 5.20988 0.52952 1
5206 4.40273 0.542576 1
5207 4.67554 0.421235 1
5208 4.14119 0.438612 1
5209 4.14119 0.347702 1
5210 3.33404 0.360758 1
5211 3.60684 0.239417 1
5212 3.0725 0.256794 1
5213 3.0725 0.165884 1
5214 2.26534 0.17894 1
5215 2.53815 0.0575989 1
5216 2.0038 0.0749757 1
5217 2.0038 -0.0159339 1
5218 1.19665 -0.00287819 1
5219 1.46945 -0.124219 1
5220 0.935107 -0.106842 1
5221 0.935107 -0.197752 1
5222 0.127954 -0.184696 1
5223 0.40076 -0.306037 1
5224 -0.133587 -0.28866 1
5225 -0.133587 -0.37957 1
5226 -0.94074 -0.366514 1
5227 -0.667934 -0.487855 1
5228 -1.20228 -0.470479 1
5229 -1.20228 -0.561388 1
5230 -2.00943 -0.548333 1
5231 -1.73662 -0.669782 1
5232 -2.27097 -0.652337 1
5233 -2.27078 -0.745451 1
5234 -3.08146 -0.699531 1
5235 -3.07261 -0.760406 1
5236 -2.79699 -0.888443 1
5237 -3.33626 -0.864318 1
5238 5.74423 0.840501 1
5239 5.20893 0.802044 1
5240 5.20988 0.711311 1
5241 4.40836 0.755743 1
5242 4.67554 0.607617 1
5243 4.14119 0.619499 1
5244 4.14119 0.529486 1
5245 3.33978 0.573966 1
5246 3.60692 0.422456 1
5247 3.0725 0.43768 1
5248 3.0725 0.347668 1
5249 2.27108 0.392148 1
5250 2.53822 0.240638 1
5251 2.0038 0.255862 1
5252 2.0038 0.16585 1
5253 1.20239 0.21033 1
5254 1.46953 0.0588199 1
5255 0.935107 0.0740442 1
5256 0.935107 -0.0159683 1
5257 0.133696 0.0285117 1
5258 0.400835 -0.122998 1
5259 -0.133587 -0.107774 1
5260 -0.133587 -0.197786 1
5261 -0.934998 -0.153306 1
5262 -0.667859 -0.304816 1
5263 -1.20228 -0.289592 1
5264 -1.20228 -0.379604 1
5265 -2.00369 -0.335124 1
5266 -1.73655 -0.486635 1
5267 -2.27098 -0.47141 1
5268 -2.27098 -0.561423 1
5269 -3.07239 -0.516943 1
5270 -2.80524 -0.668556 1
5271 -3.33967 -0.653269 1
5272 -3.33947 -0.745486 1
5273 -4.14132 -0.697233 1
5274 -3.87026 -0.85572 1
5275 -4.41977 -0.897705 1
5276 -5.18931 -0.900895 1
5277 5.49235 1 -0.930699
5278 3.87402 1 -1
5279 4.62358 1 -0.899949
5280 4.40836 1 -1
5281 2.80532 1 -1
5282 3.7005 1 -0.853798
5283 1.73663 1 -1
5284 2.6318 1 -0.853798
5285 0.667934 1 -1
5286 1.56311 1 -0.853798
5287 -0.40076 1 -1
5288 0.494412 1 -0.853798
5289 -1.46945 1 -1
5290 -0.574282 1 -0.853798
5291 -2.53815 1 -1
5292 -1.64061 1 -0.849426
5293 -3.60684 1 -1
5294 -2.71348 1 -0.848067
5295 -4.67554 1 -1
5296 -3.80146 1 -0.88763
5297 -4.13539 1 -0.962745
5298 5.22053 1 -0.901339
5299 5.75631 1 -0.707868
5300 5.34562 1 -0.823224
5301 5.38179 1 -0.744047
5302 5.47572 1 -0.847985
5303 4.03143 1 -0.913338
5304 4.4644 1 -0.65689
5305 4.729 1 -0.682123
5306 4.47479 1 -0.719668
5307 5.18303 1 -0.785274
5308 4.96543 1 -0.788064
5309 5.10449 1 -0.716252
5310 2.96274 1 -0.913338
5311 3.39597 1 -0.656812
5312 3.66119 1 -0.676062
5313 3.40836 1 -0.719042
5314 3.93294 1 -0.761792
5315 4.46464 1 -0.474991
5316 4.72955 1 -0.494155
5317 4.47687 1 -0.537042
5318 5.00309 1 -0.575043
5319 1.89405 1 -0.913338
5320 2.32728 1 -0.656812
5321 2.5925 1 -0.676062
5322 2.33967 1 -0.719042
5323 2.86425 1 -0.761792
5324 3.39595 1 -0.474991
5325 3.66099 1 -0.494162
5326 3.40818 1 -0.537042
5327 3.97526 1 -0.586685
5328 4.46464 1 -0.293173
5329 4.72956 1 -0.312334
5330 4.47687 1 -0.355223
5331 5.03723 1 -0.407778
5332 5.09224 1 -0.348701
5333 0.825355 1 -0.913338
5334 1.25859 1 -0.656812
5335 1.5238 1 -0.676062
5336 1.27097 1 -0.719042
5337 1.79555 1 -0.761792
5338 2.32726 1 -0.474991
5339 2.5923 1 -0.494162
5340 2.33948 1 -0.537042
5341 2.90657 1 -0.586685
5342 3.39595 1 -0.293173
5343 3.66099 1 -0.312344
5344 3.40818 1 -0.355223
5345 3.97526 1 -0.404866
5346 4.46464 1 -0.111355
5347 4.72956 1 -0.130516
5348 4.47687 1 -0.173405
5349 4.99503 1 -0.216278
5350 5.09007 1 -0.169006
5351 -0.243339 1 -0.913338
5352 0.189891 1 -0.656812
5353 0.455108 1 -0.676062
5354 0.20228 1 -0.719042
5355 0.726858 1 -0.761792
5356 1.25856 1 -0.474991
5357 1.52361 1 -0.494162
5358 1.27079 1 -0.537042
5359 1.83787 1 -0.586685
5360 2.32726 1 -0.293173
5361 2.5923 1 -0.312344
5362 2.33948 1 -0.355223
5363 2.90657 1 -0.404866
5364 3.39595 1 -0.111355
5365 3.66099 1 -0.130526
5366 3.40818 1 -0.173405
5367 3.97526 1 -0.223048
5368 4.46464 1 0.0704629
5369 4.72956 1 0.0513018
5370 4.47687 1 0.00841274
5371 4.99503 1 -0.0344595
5372 5.09007 1 0.0128123
5373 -1.31203 1 -0.913338
5374 -0.878803 1 -0.656812
5375 -0.613587 1 -0.676062
5376 -0.866414 1 -0.719042
5377 -0.341836 1 -0.761792
5378 0.189866 1 -0.474991
5379 0.45491 1 -0.494162
5380 0.202092 1 -0.537042
5381 0.76918 1 -0.586685
5382 1.25856 1 -0.293173
5383 1.52361 1 -0.312344
5384 1.27079 1 -0.355223
5385 1.83787 1 -0.404866
5386 2.32726 1 -0.111355
5387 2.5923 1 -0.130526
5388 2.33948 1 -0.173405
5389 2.90657 1 -0.223048
5390 3.39595 1 0.0704629
5391 3.66099 1 0.0512922
5392 3.40818 1 0.00841275
5393 3.97526 1 -0.0412299
5394 4.46464 1 0.252281
5395 4.72956 1 0.23312
5396 4.47687 1 0.190231
5397 4.99503 1 0.147359
5398 5.09007 1 0.19463
5399 -2.37907 1 -0.908682
5400 -1.94782 1 -0.659332
5401 -1.71683 1 -0.685846
5402 -1.93385 1 -0.719596
5403 -1.40511 1 -0.764472
5404 -0.879155 1 -0.477511
5405 -0.648335 1 -0.503933
5406 -0.86534 1 -0.537596
5407 -0.292404 1 -0.589342
5408 0.189539 1 -0.295693
5409 0.420359 1 -0.322115
5410 0.203354 1 -0.355777
5411 0.776288 1 -0.407524
5412 1.25823 1 -0.113875
5413 1.48905 1 -0.140297
5414 1.27205 1 -0.173959
5415 1.84498 1 -0.225706
5416 2.32693 1 0.067943
5417 2.55775 1 0.041521
5418 2.34074 1 0.00785881
5419 2.91368 1 -0.0438878
5420 3.39562 1 0.249761
5421 3.62644 1 0.223339
5422 3.40944 1 0.189677
5423 3.98237 1 0.13793
5424 4.46432 1 0.431579
5425 4.6951 1 0.405159
5426 4.47813 1 0.371495
5427 4.99502 1 0.329177
5428 5.09004 1 0.376452
5429 -3.57133 1 -0.923754
5430 -3.48637 1 -0.89988
5431 -2.91875 1 -0.721246
5432 -2.48533 1 -0.766031
5433 -2.40819 1 -0.761173
5434 -2.06155 1 -0.487682
5435 -1.8546 1 -0.537416
5436 -1.41033 1 -0.582368
5437 -1.33417 1 -0.562361
5438 -0.992853 1 -0.305864
5439 -0.785904 1 -0.355598
5440 -0.34164 1 -0.400549
5441 -0.265471 1 -0.380542
5442 0.0758416 1 -0.124046
5443 0.28279 1 -0.17378
5444 0.727054 1 -0.218731
5445 0.803223 1 -0.198724
5446 1.14454 1 0.0577725
5447 1.35148 1 0.00803841
5448 1.79575 1 -0.036913
5449 1.87192 1 -0.0169059
5450 2.21323 1 0.239591
5451 2.42018 1 0.189856
5452 2.86444 1 0.144905
5453 2.94061 1 0.164912
5454 3.28193 1 0.421409
5455 3.48887 1 0.371675
5456 3.93314 1 0.326723
5457 4.00931 1 0.34673
5458 4.35054 1 0.603217
5459 4.55678 1 0.553386
5460 4.99432 1 0.512819
5461 5.08537 1 0.560037
5462 5.57317 1 0.785558
5463 5.58131 1 0.731877
5464 -4.51725 1 -0.906022
5465 -4.63074 1 -0.931274
5466 -3.62216 1 -0.761028
5467 -3.55273 1 -0.657709
5468 -2.55193 1 -0.573356
5469 -2.48501 1 -0.470093
5470 -1.47879 1 -0.389898
5471 -1.41632 1 -0.288275
5472 -0.410093 1 -0.20808
5473 -0.347624 1 -0.106457
5474 0.658601 1 -0.0262623
5475 0.72107 1 0.075361
5476 1.7273 1 0.155556
5477 1.78977 1 0.257179
5478 2.79599 1 0.337374
5479 2.85846 1 0.438997
5480 3.86468 1 0.519192
5481 3.92716 1 0.620838
5482 4.88642 1 0.715243
5483 5.61005 1 0.911267
5484 -5.34128 1 -0.940365
5485 -5.25894 1 -0.872265
5486 -5.12606 1 -0.920366
5487 5.47698 0.832331 1
5488 5.34128 -1 -0.940365
5489 5.25894 -1 -0.872265
5490 5.12606 -1 -0.920366
5491 -5.47695 0.83266 -1
5492 5.47695 -0.83266 -1
5493 4.40829 -0.648708 -1
5494 3.3396 -0.466889 -1
5495 2.2709 -0.285071 -1
5496 1.20221 -0.103253 -1
5497 0.133512 0.078565 -1
5498 -0.935182 0.260383 -1
5499 -2.00388 0.442201 -1
5500 -3.07257 0.62402 -1
5501 -4.14145 0.80535 -1
5502 5.75657 0.899364 -1
5503 -4.33746 -1 0.841121
5504 -4.37535 -1 0.910736
5505 -3.29014 -1 0.641702
5506 -3.34794 -1 0.868614
5507 -3.56832 -1 0.851773
5508 -2.22146 -1 0.459869
5509 -2.28023 -1 0.685242
5510 -2.50449 -1 0.674636
5511 -2.49589 -1 0.808812
5512 -2.16876 -1 0.789032
5513 -1.15276 -1 0.278051
5514 -1.21191 -1 0.50827
5515 -1.43586 -1 0.494258
5516 -1.4235 -1 0.632138
5517 -1.12042 -1 0.642537
5518 -1.0998 -1 0.788703
5519 -0.0840703 -1 0.0962326
5520 -0.143214 -1 0.326451
5521 -0.367165 -1 0.312439
5522 -0.354801 -1 0.450327
5523 -0.0496215 -1 0.466123
5524 -0.360184 -1 0.674347
5525 -0.0499578 -1 0.642263
5526 -0.13798 -1 0.873499
5527 -0.355373 -1 0.806068
5528 -0.0345011 -1 0.790151
5529 0.984624 -1 -0.0855854
5530 0.92548 -1 0.144633
5531 0.701529 -1 0.130621
5532 0.713894 -1 0.268509
5533 1.01907 -1 0.284305
5534 0.701989 -1 0.500353
5535 1.02668 -1 0.46367
5536 0.713973 -1 0.633184
5537 1.017 -1 0.642461
5538 1.03759 -1 0.788703
5539 2.05332 -1 -0.267403
5540 1.99418 -1 -0.0371848
5541 1.77022 -1 -0.0511969
5542 1.78259 -1 0.0866907
5543 2.08777 -1 0.102487
5544 1.77068 -1 0.318535
5545 2.09537 -1 0.281852
5546 1.78267 -1 0.451373
5547 2.08778 -1 0.466067
5548 1.7772 -1 0.674347
5549 2.08743 -1 0.642263
5550 1.99941 -1 0.873499
5551 1.78202 -1 0.806068
5552 2.10289 -1 0.790151
5553 3.12201 -1 -0.449222
5554 3.06287 -1 -0.219003
5555 2.83892 -1 -0.233015
5556 2.85128 -1 -0.0951273
5557 3.15646 -1 -0.079331
5558 2.83938 -1 0.136716
5559 3.16406 -1 0.100034
5560 2.85137 -1 0.269554
5561 3.15648 -1 0.284249
5562 2.83938 -1 0.500353
5563 3.16406 -1 0.46367
5564 2.85136 -1 0.633184
5565 3.15438 -1 0.642461
5566 3.17498 -1 0.788703
5567 4.22675 -1 -0.607099
5568 4.12751 -1 -0.398729
5569 3.90761 -1 -0.414833
5570 3.91998 -1 -0.276945
5571 4.22103 -1 -0.264062
5572 3.90807 -1 -0.0451015
5573 4.23276 -1 -0.0817844
5574 3.92006 -1 0.0877363
5575 4.22105 -1 0.0995091
5576 3.90807 -1 0.318535
5577 4.23276 -1 0.281852
5578 3.92006 -1 0.451373
5579 4.22517 -1 0.466067
5580 3.91459 -1 0.674347
5581 4.2248 -1 0.642263
5582 4.13408 -1 0.873536
5583 3.91924 -1 0.806068
5584 4.24087 -1 0.789243
5585 5.20646 -1 -0.762567
5586 4.96383 -1 -0.817128
5587 5.29291 -1 -0.816811
5588 4.98323 -1 -0.593714
5589 5.29422 -1 -0.630053
5590 4.98219 -1 -0.460636
5591 5.30225 -1 -0.447826
5592 4.98319 -1 -0.230305
5593 5.30138 -1 -0.262158
5594 4.98219 -1 -0.0970033
5595 5.30138 -1 -0.0803396
5596 4.98319 -1 0.13333
5597 5.30138 -1 0.101478
5598 4.98219 -1 0.266633
5599 5.29338 -1 0.280042
5600 5.2129 -1 0.515829
5601 4.98544 -1 0.494297
5602 5.31525 -1 0.425852
5603 5.39545 -1 0.638268
5604 5.19237 -1 0.674793
5605 5.19542 -1 0.763569
5606 5.47033 -1 0.713196
5607 5.19505 -1 0.840581
5608 -5.47695 -0.83266 1
5609 -4.40829 -0.648717 1
5610 -3.3396 -0.466889 1
5611 -2.2709 -0.285071 1
5612 -1.20221 -0.103253 1
5613 -0.133512 0.078565 1
5614 0.935182 0.260383 1
5615 2.00388 0.442201 1
5616 3.07257 0.62402 1
5617 4.14145 0.80535 1
5618 -5.75657 0.899364 1
5619 5.2169 1 0.932902
5620 5.27695 1 0.878939
5621 4.19802 1 0.8635
5622 4.34866 1 0.843013
5623 4.15009 1 0.930759
5624 3.30798 1 0.653722
5625 3.25096 1 0.768125
5626 3.15327 1 0.81959
5627 3.35268 1 0.860422
5628 3.07901 1 0.892344
5629 2.22144 1 0.459885
5630 2.26703 1 0.696971
5631 2.498 1 0.672164
5632 2.09242 1 0.824148
5633 2.2859 1 0.859535
5634 2.01093 1 0.892479
5635 1.15276 1 0.278051
5636 1.21154 1 0.503425
5637 1.43578 1 0.492846
5638 1.19916 1 0.697231
5639 1.42687 1 0.627424
5640 1.1001 1 0.606554
5641 1.02367 1 0.824159
5642 1.2172 1 0.859536
5643 0.942233 1 0.892481
5644 0.0840703 1 0.0962326
5645 0.143214 1 0.326451
5646 0.367165 1 0.312439
5647 0.354801 1 0.450327
5648 0.0517223 1 0.460719
5649 0.130461 1 0.69721
5650 0.0311477 1 0.606194
5651 -0.0450244 1 0.824159
5652 0.148509 1 0.859536
5653 -0.126462 1 0.892481
5654 -0.984624 1 -0.0855854
5655 -0.92548 1 0.144633
5656 -0.701529 1 0.130621
5657 -0.713894 1 0.268509
5658 -1.01907 1 0.284305
5659 -0.70853 1 0.492557
5660 -1.01874 1 0.460444
5661 -0.938233 1 0.69721
5662 -0.713461 1 0.625366
5663 -1.03755 1 0.606194
5664 -1.11372 1 0.824159
5665 -0.920185 1 0.859536
5666 -1.19516 1 0.892481
5667 -2.05332 1 -0.267403
5668 -1.99418 1 -0.0371848
5669 -1.77022 1 -0.0511969
5670 -1.78259 1 0.0866907
5671 -2.08777 1 0.102487
5672 -1.77068 1 0.318535
5673 -2.09537 1 0.281852
5674 -1.78267 1 0.451373
5675 -2.08569 1 0.460642
5676 -2.00693 1 0.69721
5677 -2.10624 1 0.606194
5678 -2.18241 1 0.824159
5679 -1.98888 1 0.859536
5680 -2.26385 1 0.892481
5681 -3.12201 1 -0.449222
5682 -3.06287 1 -0.219003
5683 -2.83892 1 -0.233015
5684 -2.85128 1 -0.0951273
5685 -3.15646 1 -0.079331
5686 -2.83938 1 0.136716
5687 -3.16406 1 0.100034
5688 -2.85137 1 0.269554
5689 -3.15648 1 0.284249
5690 -2.84592 1 0.492557
5691 -3.15612 1 0.460444
5692 -3.07562 1 0.69721
5693 -2.85085 1 0.625366
5694 -3.17494 1 0.606194
5695 -3.25111 1 0.824159
5696 -3.05757 1 0.859536
5697 -3.33255 1 0.892481
5698 -4.22675 1 -0.607099
5699 -4.12751 1 -0.398729
5700 -3.90761 1 -0.414833
5701 -3.91998 1 -0.276945
5702 -4.22103 1 -0.264062
5703 -3.90807 1 -0.0451015
5704 -4.23276 1 -0.0817844
5705 -3.92006 1 0.0877363
5706 -4.22105 1 0.0995091
5707 -3.90807 1 0.318535
5708 -4.23276 1 0.281852
5709 -3.92006 1 0.451373
5710 -4.22308 1 0.460642
5711 -4.14426 1 0.697214
5712 -4.24357 1 0.606257
5713 -4.31964 1 0.824191
5714 -4.12615 1 0.859536
5715 -4.40304 1 0.892546
5716 -5.20646 1 -0.762567
5717 -4.96383 1 -0.817128
5718 -5.29291 1 -0.816811
5719 -4.98323 1 -0.593714
5720 -5.29422 1 -0.630053
5721 -4.98219 1 -0.460636
5722 -5.30225 1 -0.447826
5723 -4.98319 1 -0.230305
5724 -5.30138 1 -0.262158
5725 -4.98219 1 -0.0970033
5726 -5.30138 1 -0.0803396
5727 -4.98319 1 0.13333
5728 -5.30138 1 0.101478
5729 -4.98219 1 0.266633
5730 -5.29338 1 0.280042
5731 -5.2129 1 0.515829
5732 -4.98545 1 0.494244
5733 -5.31525 1 0.425852
5734 -5.39545 1 0.638268
5735 -5.19203 1 0.674669
5736 -5.19523 1 0.763728
5737 -5.47033 1 0.713196
5738 -5.74854 1 0.956918
5739 -5.75325 -0.895016 -1
5740 -4.40829 0.648611 -1
5741 -3.3396 0.466792 -1
5742 -2.2709 0.284974 -1
5743 -1.20221 0.103156 -1
5744 -0.133512 -0.0786624 -1
5745 0.935182 -0.26048 -1
5746 2.00388 -0.442299 -1
5747 3.07257 -0.624118 -1
5748 4.14134 -0.805488 -1
5749 -5.74772 -1 -0.956577
5750 -4.39808 -1 -0.906833
5751 -3.29899 -1 -0.877456
5752 -2.2303 -1 -0.877456
5753 -1.1616 -1 -0.877456
5754 -0.0929072 -1 -0.877456
5755 0.975787 -1 -0.877456
5756 2.04448 -1 -0.877456
5757 3.11725 -1 -0.874802
5758 4.18879 -1 -0.86069
5759 -4.49023 -1 -0.76422
5760 -4.68891 -1 -0.78978
5761 -5.53579 -1 -0.575381
5762 -5.5908 -1 -0.629165
5763 -3.42479 -1 -0.764766
5764 -3.2971 -1 -0.807653
5765 -3.63774 -1 -0.780334
5766 -4.49118 -1 -0.581264
5767 -4.3655 -1 -0.618041
5768 -4.70345 -1 -0.594733
5769 -5.65034 -1 -0.417205
5770 -2.3561 -1 -0.764766
5771 -2.2284 -1 -0.807653
5772 -2.56904 -1 -0.780334
5773 -3.4225 -1 -0.581261
5774 -3.29683 -1 -0.618035
5775 -3.63508 -1 -0.594649
5776 -4.4912 -1 -0.399443
5777 -4.36552 -1 -0.436216
5778 -4.70374 -1 -0.412826
5779 -5.65577 -1 -0.227966
5780 -1.2874 -1 -0.764766
5781 -1.15971 -1 -0.807653
5782 -1.50035 -1 -0.780334
5783 -2.35381 -1 -0.581261
5784 -2.22813 -1 -0.618035
5785 -2.56638 -1 -0.594649
5786 -3.4225 -1 -0.399443
5787 -3.29683 -1 -0.436216
5788 -3.63508 -1 -0.412829
5789 -4.4912 -1 -0.217625
5790 -4.36552 -1 -0.254398
5791 -4.70374 -1 -0.231008
5792 -5.65577 -1 -0.0461481
5793 -0.21871 -1 -0.764766
5794 -0.0910147 -1 -0.807653
5795 -0.431653 -1 -0.780334
5796 -1.28511 -1 -0.581261
5797 -1.15944 -1 -0.618035
5798 -1.49769 -1 -0.594649
5799 -2.35381 -1 -0.399443
5800 -2.22813 -1 -0.436216
5801 -2.56638 -1 -0.412829
5802 -3.4225 -1 -0.217625
5803 -3.29683 -1 -0.254398
5804 -3.63508 -1 -0.231011
5805 -4.4912 -1 -0.0358065
5806 -4.36552 -1 -0.0725799
5807 -4.70374 -1 -0.0491903
5808 -5.65577 -1 0.13567
5809 0.849984 -1 -0.764766
5810 0.977679 -1 -0.807653
5811 0.637041 -1 -0.780334
5812 -0.216418 -1 -0.581261
5813 -0.0907432 -1 -0.618035
5814 -0.428997 -1 -0.594649
5815 -1.28511 -1 -0.399443
5816 -1.15944 -1 -0.436216
5817 -1.49769 -1 -0.412829
5818 -2.35381 -1 -0.217625
5819 -2.22813 -1 -0.254398
5820 -2.56638 -1 -0.231011
5821 -3.4225 -1 -0.0358065
5822 -3.29683 -1 -0.0725799
5823 -3.63508 -1 -0.0491931
5824 -4.4912 -1 0.146011
5825 -4.36552 -1 0.109238
5826 -4.70374 -1 0.132628
5827 -5.65577 -1 0.317488
5828 1.91868 -1 -0.764765
5829 2.04638 -1 -0.807653
5830 1.71147 -1 -0.779586
5831 0.852279 -1 -0.581261
5832 0.977954 -1 -0.618035
5833 0.640901 -1 -0.595058
5834 -0.216415 -1 -0.399442
5835 -0.0907401 -1 -0.436216
5836 -0.427793 -1 -0.413238
5837 -1.28511 -1 -0.217624
5838 -1.15943 -1 -0.254397
5839 -1.49649 -1 -0.23142
5840 -2.3538 -1 -0.0358062
5841 -2.22813 -1 -0.0725795
5842 -2.56518 -1 -0.0496014
5843 -3.4225 -1 0.146012
5844 -3.29682 -1 0.109239
5845 -3.63388 -1 0.132217
5846 -4.49119 -1 0.32783
5847 -4.36552 -1 0.291056
5848 -4.70254 -1 0.314037
5849 -5.65537 -1 0.498664
5850 3.02179 -1 -0.758174
5851 3.15603 -1 -0.812309
5852 2.79984 -1 -0.750546
5853 1.95355 -1 -0.577867
5854 2.09386 -1 -0.627739
5855 1.71425 -1 -0.55947
5856 0.884859 -1 -0.396049
5857 1.02492 -1 -0.44416
5858 0.645552 -1 -0.37765
5859 -0.183835 -1 -0.214231
5860 -0.0437715 -1 -0.262342
5861 -0.423142 -1 -0.195831
5862 -1.25253 -1 -0.0324126
5863 -1.11247 -1 -0.0805243
5864 -1.49184 -1 -0.0140134
5865 -2.32122 -1 0.149405
5866 -2.18116 -1 0.101294
5867 -2.56053 -1 0.167805
5868 -3.38992 -1 0.331224
5869 -3.24986 -1 0.283112
5870 -3.62923 -1 0.349623
5871 -4.45859 -1 0.513039
5872 -4.31855 -1 0.46493
5873 -4.69454 -1 0.52773
5874 -5.55302 -1 0.664511
5875 -5.2962 -1 0.682441
5876 4.19289 -1 -0.769298
5877 3.91112 -1 -0.772142
5878 3.10114 -1 -0.631553
5879 3.34326 -1 -0.639399
5880 3.04877 -1 -0.529954
5881 2.84563 -1 -0.627191
5882 2.04381 -1 -0.414056
5883 2.27033 -1 -0.454607
5884 1.98051 -1 -0.346961
5885 1.78068 -1 -0.442843
5886 0.975111 -1 -0.232238
5887 1.20445 -1 -0.276354
5888 0.911816 -1 -0.165143
5889 0.711984 -1 -0.261025
5890 -0.0935826 -1 -0.0504199
5891 0.135756 -1 -0.0945357
5892 -0.156878 -1 0.0166748
5893 -0.35671 -1 -0.0792068
5894 -1.16228 -1 0.131398
5895 -0.932938 -1 0.0872823
5896 -1.22557 -1 0.198493
5897 -1.4254 -1 0.102611
5898 -2.23097 -1 0.313216
5899 -2.00163 -1 0.2691
5900 -2.29427 -1 0.380311
5901 -2.4941 -1 0.284429
5902 -3.29967 -1 0.495034
5903 -3.07033 -1 0.450918
5904 -3.36296 -1 0.562129
5905 -3.56279 -1 0.466247
5906 -4.36619 -1 0.677359
5907 -4.13873 -1 0.632668
5908 -4.62958 -1 0.645431
5909 -5.48194 -1 0.8722
5910 -5.60433 -1 0.838515
5911 5.75356 -0.89402 1
5912 5.75319 -0.965827 1
5913 4.40818 0.648575 1
5914 3.3396 0.466792 1
5915 2.2709 0.284974 1
5916 1.20221 0.103156 1
5917 0.133512 -0.0786624 1
5918 -0.935182 -0.26048 1
5919 -2.00388 -0.442299 1
5920 -3.07265 -0.623313 1
5921 -4.14969 -0.785133 1
5922 5.74772 1 -0.956577
5923 4.39808 1 -0.906833
5924 3.29899 1 -0.877456
5925 2.2303 1 -0.877456
5926 1.1616 1 -0.877456
5927 0.0929072 1 -0.877456
5928 -0.975787 1 -0.877456
5929 -2.04448 1 -0.877456
5930 -3.11725 1 -0.874802
5931 -4.18915 1 -0.864961
5932 4.49023 1 -0.76422
5933 4.68891 1 -0.78978
5934 5.53579 1 -0.575381
5935 5.5908 1 -0.629165
5936 3.42479 1 -0.764766
5937 3.2971 1 -0.807653
5938 3.63774 1 -0.780334
5939 4.49118 1 -0.581264
5940 4.3655 1 -0.618041
5941 4.70345 1 -0.594733
5942 5.65034 1 -0.417205
5943 2.3561 1 -0.764766
5944 2.2284 1 -0.807653
5945 2.56904 1 -0.780334
5946 3.4225 1 -0.581261
5947 3.29683 1 -0.618035
5948 3.63508 1 -0.594649
5949 4.4912 1 -0.399443
5950 4.36552 1 -0.436216
5951 4.70374 1 -0.412826
5952 5.65577 1 -0.227966
5953 1.2874 1 -0.764766
5954 1.15971 1 -0.807653
5955 1.50035 1 -0.780334
5956 2.35381 1 -0.581261
5957 2.22813 1 -0.618035
5958 2.56638 1 -0.594649
5959 3.4225 1 -0.399443
5960 3.29683 1 -0.436216
5961 3.63508 1 -0.412829
5962 4.4912 1 -0.217625
5963 4.36552 1 -0.254398
5964 4.70374 1 -0.231008
5965 5.65577 1 -0.0461481
5966 0.21871 1 -0.764766
5967 0.0910147 1 -0.807653
5968 0.431653 1 -0.780334
5969 1.28511 1 -0.581261
5970 1.15944 1 -0.618035
5971 1.49769 1 -0.594649
5972 2.35381 1 -0.399443
5973 2.22813 1 -0.436216
5974 2.56638 1 -0.412829
5975 3.4225 1 -0.217625
5976 3.29683 1 -0.254398
5977 3.63508 1 -0.231011
5978 4.4912 1 -0.0358065
5979 4.36552 1 -0.0725799
5980 4.70374 1 -0.0491903
5981 5.65577 1 0.13567
5982 -0.849984 1 -0.764766
5983 -0.977679 1 -0.807653
5984 -0.637041 1 -0.780334
5985 0.216418 1 -0.581261
5986 0.0907432 1 -0.618035
5987 0.428997 1 -0.594649
5988 1.28511 1 -0.399443
5989 1.15944 1 -0.436216
5990 1.49769 1 -0.412829
5991 2.35381 1 -0.217625
5992 2.22813 1 -0.254398
5993 2.56638 1 -0.231011
5994 3.4225 1 -0.0358065
5995 3.29683 1 -0.0725799
5996 3.63508 1 -0.0491931
5997 4.4912 1 0.146011
5998 4.36552 1 0.109238
5999 4.70374 1 0.132628
6000 5.65577 1 0.317488
6001 -1.91868 1 -0.764765
6002 -2.04638 1 -0.807653
6003 -1.71147 1 -0.779586
6004 -0.852279 1 -0.581261
6005 -0.977954 1 -0.618035
6006 -0.640901 1 -0.595058
6007 0.216415 1 -0.399442
6008 0.0907401 1 -0.436216
6009 0.427793 1 -0.413238
6010 1.28511 1 -0.217624
6011 1.15943 1 -0.254397
6012 1.49649 1 -0.23142
6013 2.3538 1 -0.0358062
6014 2.22813 1 -0.0725795
6015 2.56518 1 -0.0496014
6016 3.4225 1 0.146012
6017 3.29682 1 0.109239
6018 3.63388 1 0.132217
6019 4.49119 1 0.32783
6020 4.36552 1 0.291056
6021 4.70254 1 0.314037
6022 5.65537 1 0.498664
6023 -3.02179 1 -0.758174
6024 -3.15603 1 -0.812309
6025 -2.79984 1 -0.750546
6026 -1.95355 1 -0.577867
6027 -2.09386 1 -0.627739
6028 -1.71425 1 -0.55947
6029 -0.884859 1 -0.396049
6030 -1.02492 1 -0.44416
6031 -0.645552 1 -0.37765
6032 0.183835 1 -0.214231
6033 0.0437715 1 -0.262342
6034 0.423142 1 -0.195831
6035 1.25253 1 -0.0324126
6036 1.11247 1 -0.0805243
6037 1.49184 1 -0.0140134
6038 2.32122 1 0.149405
6039 2.18116 1 0.101294
6040 2.56053 1 0.167805
6041 3.38992 1 0.331224
6042 3.24986 1 0.283112
6043 3.62923 1 0.349623
6044 4.45859 1 0.513039
6045 4.31855 1 0.46493
6046 4.69454 1 0.52773
6047 5.55302 1 0.664512
6048 5.29586 1 0.687017
6049 -4.19289 1 -0.769298
6050 -3.91112 1 -0.772142
6051 -3.10114 1 -0.631553
6052 -3.34326 1 -0.639399
6053 -3.04877 1 -0.529954
6054 -2.84563 1 -0.627191
6055 -2.04381 1 -0.414056
6056 -2.27033 1 -0.454607
6057 -1.98051 1 -0.346961
6058 -1.78068 1 -0.442843
6059 -0.975111 1 -0.232238
6060 -1.20445 1 -0.276354
6061 -0.911816 1 -0.165143
6062 -0.711984 1 -0.261025
6063 0.0935826 1 -0.0504199
6064 -0.135756 1 -0.0945357
6065 0.156878 1 0.0166748
6066 0.35671 1 -0.0792068
6067 1.16228 1 0.131398
6068 0.932938 1 0.0872823
6069 1.22557 1 0.198493
6070 1.4254 1 0.102611
6071 2.23097 1 0.313216
6072 2.00163 1 0.2691
6073 2.29427 1 0.380311
6074 2.4941 1 0.284429
6075 3.29968 1 0.495057
6076 3.07034 1 0.450938
6077 3.36366 1 0.56248
6078 3.56279 1 0.466247
6079 4.36639 1 0.677798
6080 4.13884 1 0.632997
6081 4.62967 1 0.645399
6082 5.50065 1 0.867483
6083 5.6076 1 0.832929
6084 -5.69415 1 -0.865095
6085 -5.67978 1 -0.940915
6086 -5.54385 1 -1
6087 -5.0095 1 -1
6088 5.69415 -1 -0.865095
6089 5.67978 -1 -0.940915
6090 5.54385 -1 -1
6091 5.0095 -1 -1
6092 -5.74065 0.942695 -1
6093 5.47706 1 1
6094 4.94271 1 1
6095 4.93875 0.862356 1
6096 -4.94433 0.903177 -1
6097 5.74065 -0.942695 -1
6098 4.67561 -0.663034 -1
6099 4.67554 -0.758132 -1
6100 3.60692 -0.481215 -1
6101 3.60684 -0.576272 -1
6102 2.53822 -0.299397 -1
6103 2.53815 -0.394453 -1
6104 1.46953 -0.117579 -1
6105 1.46945 -0.212635 -1
6106 0.400835 0.0642393 -1
6107 0.40076 -0.0308173 -1
6108 -0.667859 0.246057 -1
6109 -0.667934 0.151001 -1
6110 -1.73655 0.427875 -1
6111 -1.73663 0.332819 -1
6112 -2.80525 0.609695 -1
6113 -2.80532 0.514637 -1
6114 -3.87402 0.795474 -1
6115 -3.87402 0.696586 -1
6116 4.94263 -0.777547 -1
6117 4.94271 -0.676858 -1
6118 5.74616 -0.725409 -1
6119 3.87394 -0.595751 -1
6120 3.87402 -0.495028 -1
6121 4.68107 -0.543215 -1
6122 4.94271 -0.585167 -1
6123 4.94271 -0.494298 -1
6124 5.74423 -0.537596 -1
6125 2.80525 -0.413932 -1
6126 2.80532 -0.313209 -1
6127 3.61238 -0.361397 -1
6128 3.87402 -0.403349 -1
6129 3.87402 -0.31248 -1
6130 4.67554 -0.334894 -1
6131 4.94271 -0.40342 -1
6132 4.94271 -0.312511 -1
6133 5.74423 -0.355801 -1
6134 1.73655 -0.232114 -1
6135 1.73663 -0.131391 -1
6136 2.54369 -0.179579 -1
6137 2.80532 -0.221531 -1
6138 2.80532 -0.130662 -1
6139 3.60684 -0.153076 -1
6140 3.87402 -0.221602 -1
6141 3.87402 -0.130693 -1
6142 4.67554 -0.153076 -1
6143 4.94271 -0.221602 -1
6144 4.94271 -0.130693 -1
6145 5.74423 -0.173983 -1
6146 0.667859 -0.050296 -1
6147 0.667934 0.0504265 -1
6148 1.47499 0.00223915 -1
6149 1.73663 -0.0397127 -1
6150 1.73663 0.0511559 -1
6151 2.53815 0.0287425 -1
6152 2.80532 -0.0397842 -1
6153 2.80532 0.0511248 -1
6154 3.60684 0.0287425 -1
6155 3.87402 -0.0397842 -1
6156 3.87402 0.0511248 -1
6157 4.67554 0.0287425 -1
6158 4.94271 -0.0397842 -1
6159 4.94271 0.0511248 -1
6160 5.74423 0.00783544 -1
6161 -0.400835 0.131522 -1
6162 -0.40076 0.232245 -1
6163 0.406298 0.184057 -1
6164 0.667934 0.142105 -1
6165 0.667934 0.232974 -1
6166 1.46945 0.210561 -1
6167 1.73663 0.142034 -1
6168 1.73663 0.232943 -1
6169 2.53815 0.210561 -1
6170 2.80532 0.142034 -1
6171 2.80532 0.232943 -1
6172 3.60684 0.210561 -1
6173 3.87402 0.142034 -1
6174 3.87402 0.232943 -1
6175 4.67554 0.210561 -1
6176 4.94271 0.142034 -1
6177 4.94271 0.232943 -1
6178 5.74423 0.189653 -1
6179 -1.46953 0.31334 -1
6180 -1.46945 0.414063 -1
6181 -0.662396 0.365875 -1
6182 -0.40076 0.323923 -1
6183 -0.40076 0.414792 -1
6184 0.40076 0.392379 -1
6185 0.667934 0.323852 -1
6186 0.667934 0.414761 -1
6187 1.46945 0.392379 -1
6188 1.73663 0.323852 -1
6189 1.73663 0.414761 -1
6190 2.53815 0.392379 -1
6191 2.80532 0.323852 -1
6192 2.80532 0.414761 -1
6193 3.60684 0.392379 -1
6194 3.87402 0.323852 -1
6195 3.87402 0.414761 -1
6196 4.67554 0.392379 -1
6197 4.94271 0.323852 -1
6198 4.94271 0.414761 -1
6199 5.74423 0.371472 -1
6200 -2.53822 0.495158 -1
6201 -2.53815 0.595881 -1
6202 -1.73109 0.547694 -1
6203 -1.46945 0.505742 -1
6204 -1.46945 0.596611 -1
6205 -0.667934 0.574197 -1
6206 -0.40076 0.50567 -1
6207 -0.40076 0.59658 -1
6208 0.40076 0.574197 -1
6209 0.667934 0.50567 -1
6210 0.667934 0.59658 -1
6211 1.46945 0.574197 -1
6212 1.73663 0.50567 -1
6213 1.73663 0.59658 -1
6214 2.53815 0.574197 -1
6215 2.80532 0.50567 -1
6216 2.80532 0.59658 -1
6217 3.60684 0.574197 -1
6218 3.87402 0.50567 -1
6219 3.87402 0.59658 -1
6220 4.67554 0.574197 -1
6221 4.94271 0.50567 -1
6222 4.94281 0.596693 -1
6223 5.74416 0.555629 -1
6224 -3.60692 0.677066 -1
6225 -3.60658 0.7803 -1
6226 -2.79978 0.729564 -1
6227 -2.53815 0.687561 -1
6228 -2.53815 0.778467 -1
6229 -1.73663 0.756084 -1
6230 -1.46945 0.68749 -1
6231 -1.46945 0.778436 -1
6232 -0.667934 0.756084 -1
6233 -0.40076 0.68749 -1
6234 -0.40076 0.778436 -1
6235 0.40076 0.756084 -1
6236 0.667934 0.68749 -1
6237 0.667934 0.778436 -1
6238 1.46945 0.756084 -1
6239 1.73663 0.68749 -1
6240 1.73663 0.778436 -1
6241 2.53815 0.756084 -1
6242 2.80532 0.68749 -1
6243 2.80532 0.778436 -1
6244 3.60684 0.756084 -1
6245 3.87402 0.68749 -1
6246 3.87402 0.778436 -1
6247 4.67566 0.75609 -1
6248 4.94787 0.694842 -1
6249 4.91795 0.836624 -1
6250 5.74916 0.787799 -1
6251 -4.67567 0.858483 -1
6252 -4.6756 0.950915 -1
6253 -4.40836 1 -1
6254 -3.87402 0.921937 -1
6255 -3.87402 1 -1
6256 -3.59788 0.869034 -1
6257 -3.60658 0.949998 -1
6258 -3.33967 1 -1
6259 -2.80532 0.950614 -1
6260 -2.80532 1 -1
6261 -2.53815 0.869507 -1
6262 -2.53815 0.952589 -1
6263 -2.27097 1 -1
6264 -1.73663 0.950614 -1
6265 -1.73663 1 -1
6266 -1.46945 0.869507 -1
6267 -1.46945 0.952589 -1
6268 -1.20228 1 -1
6269 -0.667934 0.950614 -1
6270 -0.667934 1 -1
6271 -0.40076 0.869507 -1
6272 -0.40076 0.952589 -1
6273 -0.133587 1 -1
6274 0.40076 0.950614 -1
6275 0.40076 1 -1
6276 0.667934 0.869507 -1
6277 0.667934 0.952589 -1
6278 0.935107 1 -1
6279 1.46945 0.950614 -1
6280 1.46945 1 -1
6281 1.73663 0.869507 -1
6282 1.73663 0.952589 -1
6283 2.0038 1 -1
6284 2.53815 0.950614 -1
6285 2.53815 1 -1
6286 2.80532 0.869507 -1
6287 2.80532 0.952589 -1
6288 3.0725 1 -1
6289 3.60684 0.950614 -1
6290 3.60684 1 -1
6291 3.87402 0.869507 -1
6292 3.87402 0.952589 -1
6293 4.14119 1 -1
6294 4.67856 0.94975 -1
6295 4.67554 1 -1
6296 4.95359 0.940599 -1
6297 5.66999 0.854236 -1
6298 5.0763 1 -1
6299 5.61064 1 -1
6300 -4.8656 -1 0.838532
6301 -4.94271 -1 1
6302 -5.54385 -1 1
6303 -3.8015 -1 0.635448
6304 -3.68963 -1 0.820252
6305 -4.40566 -1 0.763519
6306 -2.73278 -1 0.453659
6307 -2.61968 -1 0.639816
6308 -1.66409 -1 0.271841
6309 -1.55097 -1 0.459401
6310 -0.595395 -1 0.0900232
6311 -0.482279 -1 0.277582
6312 0.473299 -1 -0.0917948
6313 0.586415 -1 0.0957644
6314 1.54199 -1 -0.273613
6315 1.65511 -1 -0.0860536
6316 2.61069 -1 -0.455431
6317 2.7238 -1 -0.267872
6318 3.67888 -1 -0.637155
6319 3.7925 -1 -0.44969
6320 4.77538 -1 -0.816633
6321 4.87669 -1 -0.638327
6322 4.68207 -1 -0.664704
6323 4.15503 -1 -0.659871
6324 -3.87402 -1 1
6325 -4.40836 -1 1
6326 -2.61193 -1 0.817054
6327 -2.80532 -1 1
6328 -3.33967 -1 1
6329 -1.73663 -1 1
6330 -2.27097 -1 1
6331 -0.467155 -1 0.633768
6332 -0.667934 -1 1
6333 -1.20228 -1 1
6334 0.601541 -1 0.451952
6335 0.601474 -1 0.629581
6336 0.40076 -1 1
6337 -0.133587 -1 1
6338 1.67023 -1 0.270133
6339 1.67017 -1 0.447765
6340 1.67023 -1 0.633768
6341 1.46945 -1 1
6342 0.935107 -1 1
6343 2.73893 -1 0.0883153
6344 2.73886 -1 0.265947
6345 2.73893 -1 0.451952
6346 2.73886 -1 0.629581
6347 2.53815 -1 1
6348 2.0038 -1 1
6349 3.80762 -1 -0.0935027
6350 3.80756 -1 0.0841287
6351 3.80762 -1 0.270133
6352 3.80756 -1 0.447765
6353 3.80762 -1 0.633768
6354 3.60684 -1 1
6355 3.0725 -1 1
6356 4.87244 -1 -0.457415
6357 4.87632 -1 -0.275317
6358 4.87244 -1 -0.0937622
6359 4.87632 -1 0.0883195
6360 4.87244 -1 0.269874
6361 4.87648 -1 0.457554
6362 4.76288 -1 0.815034
6363 4.65884 -1 1
6364 4.14119 -1 1
6365 5.73825 -1 -0.461463
6366 5.74009 -1 -0.280342
6367 5.74009 -1 -0.0985243
6368 5.74009 -1 0.0832937
6369 5.74009 -1 0.265112
6370 5.70643 -1 0.621471
6371 5.7429 -1 0.773218
6372 5.61064 -1 1
6373 5.0763 -1 1
6374 -5.74065 -0.942695 1
6375 -4.67561 -0.663033 1
6376 -4.67542 -0.759514 1
6377 -3.60692 -0.481215 1
6378 -3.60684 -0.576272 1
6379 -2.53822 -0.299397 1
6380 -2.53815 -0.394453 1
6381 -1.46953 -0.117579 1
6382 -1.46945 -0.212635 1
6383 -0.400835 0.0642393 1
6384 -0.40076 -0.0308173 1
6385 0.667859 0.246057 1
6386 0.667934 0.151001 1
6387 1.73655 0.427875 1
6388 1.73663 0.332819 1
6389 2.80525 0.609695 1
6390 2.80532 0.514637 1
6391 3.87402 0.795474 1
6392 3.87402 0.696586 1
6393 -4.94238 -0.77761 1
6394 -4.94271 -0.676858 1
6395 -5.74616 -0.725409 1
6396 -3.87394 -0.59575 1
6397 -3.87402 -0.495028 1
6398 -4.68107 -0.543215 1
6399 -4.94271 -0.585167 1
6400 -4.94271 -0.494298 1
6401 -5.74423 -0.537596 1
6402 -2.80525 -0.413932 1
6403 -2.80532 -0.313209 1
6404 -3.61238 -0.361397 1
6405 -3.87402 -0.403349 1
6406 -3.87402 -0.31248 1
6407 -4.67554 -0.334894 1
6408 -4.94271 -0.40342 1
6409 -4.94271 -0.312511 1
6410 -5.74423 -0.355801 1
6411 -1.73655 -0.232114 1
6412 -1.73663 -0.131391 1
6413 -2.54369 -0.179579 1
6414 -2.80532 -0.221531 1
6415 -2.80532 -0.130662 1
6416 -3.60684 -0.153076 1
6417 -3.87402 -0.221602 1
6418 -3.87402 -0.130693 1
6419 -4.67554 -0.153076 1
6420 -4.94271 -0.221602 1
6421 -4.94271 -0.130693 1
6422 -5.74423 -0.173983 1
6423 -0.667859 -0.050296 1
6424 -0.667934 0.0504265 1
6425 -1.47499 0.00223915 1
6426 -1.73663 -0.0397127 1
6427 -1.73663 0.0511559 1
6428 -2.53815 0.0287425 1
6429 -2.80532 -0.0397842 1
6430 -2.80532 0.0511248 1
6431 -3.60684 0.0287425 1
6432 -3.87402 -0.0397842 1
6433 -3.87402 0.0511248 1
6434 -4.67554 0.0287425 1
6435 -4.94271 -0.0397842 1
6436 -4.94271 0.0511248 1
6437 -5.74423 0.00783544 1
6438 0.400835 0.131522 1
6439 0.40076 0.232245 1
6440 -0.406298 0.184057 1
6441 -0.667934 0.142105 1
6442 -0.667934 0.232974 1
6443 -1.46945 0.210561 1
6444 -1.73663 0.142034 1
6445 -1.73663 0.232943 1
6446 -2.53815 0.210561 1
6447 -2.80532 0.142034 1
6448 -2.80532 0.232943 1
6449 -3.60684 0.210561 1
6450 -3.87402 0.142034 1
6451 -3.87402 0.232943 1
6452 -4.67554 0.210561 1
6453 -4.94271 0.142034 1
6454 -4.94271 0.232943 1
6455 -5.74423 0.189653 1
6456 1.46953 0.31334 1
6457 1.46945 0.414063 1
6458 0.662396 0.365875 1
6459 0.40076 0.323923 1
6460 0.40076 0.414792 1
6461 -0.40076 0.392379 1
6462 -0.667934 0.323852 1
6463 -0.667934 0.414761 1
6464 -1.46945 0.392379 1
6465 -1.73663 0.323852 1
6466 -1.73663 0.414761 1
6467 -2.53815 0.392379 1
6468 -2.80532 0.323852 1
6469 -2.80532 0.414761 1
6470 -3.60684 0.392379 1
6471 -3.87402 0.323852 1
6472 -3.87402 0.414761 1
6473 -4.67554 0.392379 1
6474 -4.94271 0.323852 1
6475 -4.94271 0.414761 1
6476 -5.74423 0.371472 1
6477 2.53822 0.495158 1
6478 2.53815 0.595881 1
6479 1.73109 0.547694 1
6480 1.46945 0.505742 1
6481 1.46945 0.596611 1
6482 0.667934 0.574197 1
6483 0.40076 0.50567 1
6484 0.40076 0.59658 1
6485 -0.40076 0.574197 1
6486 -0.667934 0.50567 1
6487 -0.667934 0.59658 1
6488 -1.46945 0.574197 1
6489 -1.73663 0.50567 1
6490 -1.73663 0.59658 1
6491 -2.53815 0.574197 1
6492 -2.80532 0.50567 1
6493 -2.80532 0.59658 1
6494 -3.60684 0.574197 1
6495 -3.87402 0.50567 1
6496 -3.87402 0.59658 1
6497 -4.67554 0.574197 1
6498 -4.94271 0.50567 1
6499 -4.94281 0.596693 1
6500 -5.74416 0.555629 1
6501 3.60692 0.677066 1
6502 3.60658 0.7803 1
6503 2.79978 0.729564 1
6504 2.53815 0.687561 1
6505 2.53815 0.778467 1
6506 1.73663 0.756084 1
6507 1.46945 0.68749 1
6508 1.46945 0.778436 1
6509 0.667934 0.756084 1
6510 0.40076 0.68749 1
6511 0.40076 0.778436 1
6512 -0.40076 0.756084 1
6513 -0.667934 0.68749 1
6514 -0.667934 0.778436 1
6515 -1.46945 0.756084 1
6516 -1.73663 0.68749 1
6517 -1.73663 0.778436 1
6518 -2.53815 0.756084 1
6519 -2.80532 0.68749 1
6520 -2.80532 0.778436 1
6521 -3.60684 0.756084 1
6522 -3.87402 0.68749 1
6523 -3.87402 0.778436 1
6524 -4.67566 0.75609 1
6525 -4.94787 0.694842 1
6526 -4.91795 0.836624 1
6527 -5.74916 0.787799 1
6528 4.67554 0.858098 1
6529 4.67554 0.951628 1
6530 4.40836 1 1
6531 3.87402 0.921937 1
6532 3.87402 1 1
6533 3.59788 0.869116 1
6534 3.60658 0.950067 1
6535 3.33967 1 1
6536 2.80532 0.950614 1
6537 2.80532 1 1
6538 2.53815 0.869576 1
6539 2.53815 0.952658 1
6540 2.27097 1 1
6541 1.73663 0.950614 1
6542 1.73663 1 1
6543 1.46945 0.869576 1
6544 1.46945 0.952658 1
6545 1.20228 1 1
6546 0.667934 0.950614 1
6547 0.667934 1 1
6548 0.40076 0.869576 1
6549 0.40076 0.952658 1
6550 0.133587 1 1
6551 -0.40076 0.950614 1
6552 -0.40076 1 1
6553 -0.667934 0.869576 1
6554 -0.667934 0.952658 1
6555 -0.935107 1 1
6556 -1.46945 0.950614 1
6557 -1.46945 1 1
6558 -1.73663 0.869576 1
6559 -1.73663 0.952658 1
6560 -2.0038 1 1
6561 -2.53815 0.950614 1
6562 -2.53815 1 1
6563 -2.80532 0.869576 1
6564 -2.80532 0.952658 1
6565 -3.0725 1 1
6566 -3.60684 0.950614 1
6567 -3.60684 1 1
6568 -3.87402 0.869576 1
6569 -3.87402 0.952658 1
6570 -4.14119 1 1
6571 -4.67856 0.94975 1
6572 -4.67554 1 1
6573 -4.95359 0.940599 1
6574 -5.66999 0.854236 1
6575 -5.0763 1 1
6576 -5.61064 1 1
6577 4.87065 1 0.832585
6578 3.80171 1 0.635416
6579 3.69877 1 0.821277
6580 4.40587 1 0.76642
6581 2.73278 1 0.45366
6582 2.61921 1 0.641197
6583 1.66409 1 0.271841
6584 1.55098 1 0.458002
6585 0.595395 1 0.0900232
6586 0.482279 1 0.277582
6587 -0.473299 1 -0.0917948
6588 -0.586415 1 0.0957644
6589 -1.54199 1 -0.273613
6590 -1.65511 1 -0.0860536
6591 -2.61069 1 -0.455431
6592 -2.7238 1 -0.267872
6593 -3.67888 1 -0.637155
6594 -3.7925 1 -0.44969
6595 -4.77538 1 -0.816633
6596 -4.87669 1 -0.638327
6597 -4.68207 1 -0.664704
6598 -4.15503 1 -0.659871
6599 2.6049 1 0.77211
6600 2.74352 1 0.804433
6601 3.33439 1 0.95008
6602 1.5417 1 0.636957
6603 1.54542 1 0.814287
6604 1.67828 1 0.806097
6605 2.26561 1 0.950115
6606 0.466503 1 0.641284
6607 0.609356 1 0.804905
6608 1.19692 1 0.950115
6609 -0.601541 1 0.451952
6610 -0.591837 1 0.812883
6611 -0.459106 1 0.806097
6612 0.128225 1 0.950115
6613 -1.67023 1 0.270133
6614 -1.67017 1 0.447765
6615 -1.67088 1 0.641284
6616 -1.52803 1 0.804905
6617 -0.940469 1 0.950115
6618 -2.73893 1 0.0883153
6619 -2.73886 1 0.265947
6620 -2.73893 1 0.451952
6621 -2.72923 1 0.812883
6622 -2.59649 1 0.806097
6623 -2.00916 1 0.950115
6624 -3.80762 1 -0.0935027
6625 -3.80756 1 0.0841287
6626 -3.80762 1 0.270133
6627 -3.80756 1 0.447765
6628 -3.80828 1 0.641284
6629 -3.66542 1 0.804905
6630 -3.07786 1 0.950115
6631 -4.87244 1 -0.457415
6632 -4.87632 1 -0.275317
6633 -4.87244 1 -0.0937622
6634 -4.87632 1 0.0883195
6635 -4.87244 1 0.269874
6636 -4.87649 1 0.457512
6637 -4.77775 1 0.814288
6638 -4.14122 1 0.951879
6639 -5.74008 1 -0.462149
6640 -5.74009 1 -0.280342
6641 -5.74009 1 -0.0985243
6642 -5.74009 1 0.0832937
6643 -5.74009 1 0.265112
6644 -5.70643 1 0.621471
6645 -5.7429 1 0.773218
6646 -4.89425 1 0.918063
6647 -5.47606 1 0.961205
6648 -5.62596 -0.848292 -1
6649 -4.96198 -0.939156 -1
6650 -5.0763 -1 -1
6651 -5.61064 -1 -1
6652 -5.74483 -0.773126 -1
6653 -5.74423 -0.575602 -1
6654 -5.74423 -0.391523 -1
6655 -5.74423 -0.209705 -1
6656 -5.74423 -0.0278871 -1
6657 -5.74423 0.153931 -1
6658 -5.74423 0.335749 -1
6659 -5.74423 0.517567 -1
6660 -5.74616 0.724112 -1
6661 -4.94221 -0.830841 -1
6662 -4.67867 -0.94967 -1
6663 -4.14119 -1 -1
6664 -4.67554 -1 -1
6665 -4.94271 -0.677421 -1
6666 -4.94259 -0.759452 -1
6667 -4.67565 -0.755899 -1
6668 -3.87402 -0.860635 -1
6669 -3.87402 -0.951972 -1
6670 -3.60684 -0.950603 -1
6671 -3.0725 -1 -1
6672 -3.60684 -1 -1
6673 -4.94271 -0.495662 -1
6674 -4.94271 -0.580113 -1
6675 -4.67554 -0.574133 -1
6676 -3.87402 -0.677481 -1
6677 -3.87402 -0.761987 -1
6678 -3.60684 -0.756019 -1
6679 -2.80532 -0.860635 -1
6680 -2.80532 -0.951972 -1
6681 -2.53815 -0.950603 -1
6682 -2.0038 -1 -1
6683 -2.53815 -1 -1
6684 -4.94271 -0.313844 -1
6685 -4.94271 -0.398295 -1
6686 -4.67554 -0.392314 -1
6687 -3.87402 -0.495662 -1
6688 -3.87402 -0.580114 -1
6689 -3.60684 -0.574133 -1
6690 -2.80532 -0.677481 -1
6691 -2.80532 -0.761987 -1
6692 -2.53815 -0.756019 -1
6693 -1.73663 -0.860635 -1
6694 -1.73663 -0.951972 -1
6695 -1.46945 -0.950603 -1
6696 -0.935107 -1 -1
6697 -1.46945 -1 -1
6698 -4.94271 -0.132026 -1
6699 -4.94271 -0.216477 -1
6700 -4.67554 -0.210496 -1
6701 -3.87402 -0.313844 -1
6702 -3.87402 -0.398295 -1
6703 -3.60684 -0.392314 -1
6704 -2.80532 -0.495662 -1
6705 -2.80532 -0.580114 -1
6706 -2.53815 -0.574133 -1
6707 -1.73663 -0.677481 -1
6708 -1.73663 -0.761987 -1
6709 -1.46945 -0.756019 -1
6710 -0.667934 -0.860635 -1
6711 -0.667934 -0.951972 -1
6712 -0.40076 -0.950603 -1
6713 0.133587 -1 -1
6714 -0.40076 -1 -1
6715 -4.94271 0.0497922 -1
6716 -4.94271 -0.034659 -1
6717 -4.67554 -0.028678 -1
6718 -3.87402 -0.132026 -1
6719 -3.87402 -0.216477 -1
6720 -3.60684 -0.210496 -1
6721 -2.80532 -0.313844 -1
6722 -2.80532 -0.398295 -1
6723 -2.53815 -0.392314 -1
6724 -1.73663 -0.495662 -1
6725 -1.73663 -0.580114 -1
6726 -1.46945 -0.574133 -1
6727 -0.667934 -0.677481 -1
6728 -0.667934 -0.761987 -1
6729 -0.40076 -0.756019 -1
6730 0.40076 -0.860635 -1
6731 0.40076 -0.951972 -1
6732 0.667934 -0.950603 -1
6733 1.20228 -1 -1
6734 0.667934 -1 -1
6735 -4.94271 0.23161 -1
6736 -4.94271 0.147159 -1
6737 -4.67554 0.15314 -1
6738 -3.87402 0.0497922 -1
6739 -3.87402 -0.034659 -1
6740 -3.60684 -0.028678 -1
6741 -2.80532 -0.132026 -1
6742 -2.80532 -0.216477 -1
6743 -2.53815 -0.210496 -1
6744 -1.73663 -0.313844 -1
6745 -1.73663 -0.398295 -1
6746 -1.46945 -0.392314 -1
6747 -0.667934 -0.495662 -1
6748 -0.667934 -0.580114 -1
6749 -0.40076 -0.574133 -1
6750 0.40076 -0.677481 -1
6751 0.40076 -0.761987 -1
6752 0.667934 -0.756019 -1
6753 1.46945 -0.860635 -1
6754 1.46945 -0.951972 -1
6755 1.73663 -0.950603 -1
6756 2.27097 -1 -1
6757 1.73663 -1 -1
6758 -4.94271 0.413428 -1
6759 -4.94271 0.328977 -1
6760 -4.67554 0.334958 -1
6761 -3.87402 0.23161 -1
6762 -3.87402 0.147159 -1
6763 -3.60684 0.15314 -1
6764 -2.80532 0.0497922 -1
6765 -2.80532 -0.034659 -1
6766 -2.53815 -0.028678 -1
6767 -1.73663 -0.132026 -1
6768 -1.73663 -0.216477 -1
6769 -1.46945 -0.210496 -1
6770 -0.667934 -0.313844 -1
6771 -0.667934 -0.398295 -1
6772 -0.40076 -0.392314 -1
6773 0.40076 -0.495662 -1
6774 0.40076 -0.580114 -1
6775 0.667934 -0.574133 -1
6776 1.46945 -0.677481 -1
6777 1.46945 -0.761987 -1
6778 1.73663 -0.756019 -1
6779 2.53815 -0.860635 -1
6780 2.53815 -0.951972 -1
6781 2.80532 -0.950603 -1
6782 3.33967 -1 -1
6783 2.80532 -1 -1
6784 -4.94271 0.595268 -1
6785 -4.94271 0.510796 -1
6786 -4.67543 0.516819 -1
6787 -3.87402 0.413449 -1
6788 -3.87402 0.328977 -1
6789 -3.60673 0.335 -1
6790 -2.80532 0.231631 -1
6791 -2.80532 0.147159 -1
6792 -2.53804 0.153182 -1
6793 -1.73663 0.0498133 -1
6794 -1.73663 -0.0346586 -1
6795 -1.46934 -0.0286358 -1
6796 -0.667934 -0.132005 -1
6797 -0.667934 -0.216477 -1
6798 -0.400651 -0.210454 -1
6799 0.40076 -0.313823 -1
6800 0.40076 -0.398295 -1
6801 0.668043 -0.392272 -1
6802 1.46945 -0.495641 -1
6803 1.46945 -0.580113 -1
6804 1.73674 -0.57409 -1
6805 2.53815 -0.67746 -1
6806 2.53815 -0.761987 -1
6807 2.80543 -0.755977 -1
6808 3.60684 -0.860614 -1
6809 3.60684 -0.951971 -1
6810 3.87567 -0.950552 -1
6811 4.40836 -1 -1
6812 3.87402 -1 -1
6813 -4.94269 0.779402 -1
6814 -4.94271 0.692933 -1
6815 -4.68117 0.728216 -1
6816 -3.87402 0.596039 -1
6817 -3.87402 0.511092 -1
6818 -3.61248 0.546372 -1
6819 -2.80532 0.41422 -1
6820 -2.80532 0.329274 -1
6821 -2.54378 0.364554 -1
6822 -1.73663 0.232402 -1
6823 -1.73663 0.147456 -1
6824 -1.47509 0.182736 -1
6825 -0.667934 0.0505843 -1
6826 -0.667934 -0.0343623 -1
6827 -0.406393 0.000917758 -1
6828 0.40076 -0.131234 -1
6829 0.40076 -0.21618 -1
6830 0.662301 -0.1809 -1
6831 1.46945 -0.313052 -1
6832 1.46945 -0.397998 -1
6833 1.731 -0.362718 -1
6834 2.53815 -0.49487 -1
6835 2.53815 -0.579817 -1
6836 2.79969 -0.544537 -1
6837 3.60684 -0.676689 -1
6838 3.60684 -0.76169 -1
6839 3.86838 -0.726408 -1
6840 4.67553 -0.859375 -1
6841 4.67553 -0.950872 -1
6842 4.94243 -0.894782 -1
6843 -4.8916 -1 -0.899624
6844 -5.74483 -1 -0.821603
6845 -3.79607 -1 -0.815809
6846 -3.92704 -1 -0.885154
6847 -4.84566 -1 -0.64204
6848 -2.72737 -1 -0.815809
6849 -2.85835 -1 -0.885154
6850 -3.77535 -1 -0.636465
6851 -3.88002 -1 -0.648721
6852 -4.84546 -1 -0.455481
6853 -4.98868 -1 -0.485924
6854 -1.65868 -1 -0.815809
6855 -1.78966 -1 -0.885154
6856 -2.70666 -1 -0.636465
6857 -2.81133 -1 -0.648721
6858 -3.77533 -1 -0.454646
6859 -3.88123 -1 -0.467167
6860 -4.85072 -1 -0.27172
6861 -4.99627 -1 -0.307502
6862 -0.589985 -1 -0.815809
6863 -0.720962 -1 -0.885154
6864 -1.63796 -1 -0.636465
6865 -1.74263 -1 -0.648721
6866 -2.70664 -1 -0.454646
6867 -2.81254 -1 -0.467167
6868 -3.77533 -1 -0.272828
6869 -3.88123 -1 -0.285349
6870 -4.85072 -1 -0.0899017
6871 -4.99503 -1 -0.125368
6872 0.478709 -1 -0.815809
6873 0.347732 -1 -0.885154
6874 -0.569267 -1 -0.636465
6875 -0.673939 -1 -0.648721
6876 -1.63794 -1 -0.454646
6877 -1.74384 -1 -0.467167
6878 -2.70664 -1 -0.272828
6879 -2.81254 -1 -0.285349
6880 -3.77533 -1 -0.0910096
6881 -3.88123 -1 -0.103531
6882 -4.85072 -1 0.0919163
6883 -4.99503 -1 0.0564495
6884 1.5393 -1 -0.812853
6885 1.41643 -1 -0.885154
6886 0.499429 -1 -0.636465
6887 0.39438 -1 -0.644601
6888 -0.569245 -1 -0.454646
6889 -0.675357 -1 -0.463012
6890 -1.63794 -1 -0.272827
6891 -1.74405 -1 -0.281194
6892 -2.70663 -1 -0.0910094
6893 -2.81275 -1 -0.0993758
6894 -3.77533 -1 0.0908086
6895 -3.88144 -1 0.0824422
6896 -4.85071 -1 0.273734
6897 -4.99503 -1 0.238267
6898 2.61743 -1 -0.808738
6899 2.48165 -1 -0.88544
6900 -4.85605 -1 0.460003
6901 -4.99481 -1 0.42012
6902 3.75853 -1 -0.796843
6903 3.53026 -1 -0.835673
6904 2.70057 -1 -0.616611
6905 2.47381 -1 -0.664971
6906 1.63749 -1 -0.440366
6907 1.40521 -1 -0.482799
6908 0.568794 -1 -0.258548
6909 0.33651 -1 -0.300981
6910 -0.4999 -1 -0.07673
6911 -0.732184 -1 -0.119163
6912 -1.56859 -1 0.105088
6913 -1.80088 -1 0.062655
6914 -2.63729 -1 0.286906
6915 -2.86957 -1 0.244473
6916 -3.70598 -1 0.468724
6917 -3.93827 -1 0.426291
6918 -4.77552 -1 0.697074
6919 -5.00858 -1 0.646485
6920 4.62807 -1 -0.851231
6921 -5.07766 -1 0.785625
6922 5.62596 -0.848292 1
6923 4.96198 -0.93873 1
6924 5.74483 -0.773126 1
6925 5.74423 -0.575602 1
6926 5.74423 -0.391523 1
6927 5.74423 -0.209705 1
6928 5.74423 -0.0278871 1
6929 5.74423 0.153931 1
6930 5.74423 0.335749 1
6931 5.74423 0.517567 1
6932 5.74423 0.702372 1
6933 4.94221 -0.830698 1
6934 4.68577 -0.941855 1
6935 4.13454 -0.945495 1
6936 4.94271 -0.677421 1
6937 4.94259 -0.759447 1
6938 4.67566 -0.75807 1
6939 3.87526 -0.858818 1
6940 3.88251 -0.931145 1
6941 3.06585 -0.945495 1
6942 4.94271 -0.495662 1
6943 4.94271 -0.580113 1
6944 4.67554 -0.574133 1
6945 3.87402 -0.67748 1
6946 3.87409 -0.76195 1
6947 3.60714 -0.76004 1
6948 2.80656 -0.858818 1
6949 2.81381 -0.931145 1
6950 1.99715 -0.945495 1
6951 4.94271 -0.313844 1
6952 4.94271 -0.398295 1
6953 4.67554 -0.392314 1
6954 3.87402 -0.495662 1
6955 3.87402 -0.580114 1
6956 3.60684 -0.574133 1
6957 2.80532 -0.67748 1
6958 2.8054 -0.76195 1
6959 2.53844 -0.76004 1
6960 1.73787 -0.858818 1
6961 1.74512 -0.931145 1
6962 0.928459 -0.945495 1
6963 4.94271 -0.132026 1
6964 4.94271 -0.216477 1
6965 4.67554 -0.210496 1
6966 3.87402 -0.313844 1
6967 3.87402 -0.398295 1
6968 3.60684 -0.392314 1
6969 2.80532 -0.495662 1
6970 2.80532 -0.580114 1
6971 2.53815 -0.574133 1
6972 1.73663 -0.67748 1
6973 1.7367 -0.76195 1
6974 1.46975 -0.76004 1
6975 0.669172 -0.858818 1
6976 0.676422 -0.931145 1
6977 -0.140235 -0.945495 1
6978 4.94271 0.0497922 1
6979 4.94271 -0.034659 1
6980 4.67554 -0.028678 1
6981 3.87402 -0.132026 1
6982 3.87402 -0.216477 1
6983 3.60684 -0.210496 1
6984 2.80532 -0.313844 1
6985 2.80532 -0.398295 1
6986 2.53815 -0.392314 1
6987 1.73663 -0.495662 1
6988 1.73663 -0.580114 1
6989 1.46945 -0.574133 1
6990 0.667935 -0.67748 1
6991 0.668007 -0.76195 1
6992 0.401053 -0.76004 1
6993 -0.399522 -0.858818 1
6994 -0.392272 -0.931145 1
6995 -1.20893 -0.945495 1
6996 4.94271 0.23161 1
6997 4.94271 0.147159 1
6998 4.67554 0.15314 1
6999 3.87402 0.0497922 1
7000 3.87402 -0.034659 1
7001 3.60684 -0.028678 1
7002 2.80532 -0.132026 1
7003 2.80532 -0.216477 1
7004 2.53815 -0.210496 1
7005 1.73663 -0.313844 1
7006 1.73663 -0.398295 1
7007 1.46945 -0.392314 1
7008 0.667934 -0.495662 1
7009 0.667934 -0.580114 1
7010 0.40076 -0.574133 1
7011 -0.400759 -0.67748 1
7012 -0.400687 -0.76195 1
7013 -0.667641 -0.76004 1
7014 -1.46822 -0.858818 1
7015 -1.46097 -0.931145 1
7016 -2.27762 -0.945495 1
7017 4.94271 0.413428 1
7018 4.94271 0.328977 1
7019 4.67554 0.334958 1
7020 3.87402 0.23161 1
7021 3.87402 0.147159 1
7022 3.60684 0.15314 1
7023 2.80532 0.0497922 1
7024 2.80532 -0.034659 1
7025 2.53815 -0.028678 1
7026 1.73663 -0.132026 1
7027 1.73663 -0.216477 1
7028 1.46945 -0.210496 1
7029 0.667934 -0.313844 1
7030 0.667934 -0.398295 1
7031 0.40076 -0.392314 1
7032 -0.40076 -0.495662 1
7033 -0.40076 -0.580114 1
7034 -0.667934 -0.574133 1
7035 -1.46945 -0.67748 1
7036 -1.46938 -0.76195 1
7037 -1.73633 -0.76004 1
7038 -2.53691 -0.858818 1
7039 -2.52966 -0.931145 1
7040 -3.34632 -0.945495 1
7041 4.94297 0.597804 1
7042 4.94271 0.510882 1
7043 4.67543 0.516933 1
7044 3.87402 0.413449 1
7045 3.87402 0.328977 1
7046 3.60673 0.335 1
7047 2.80532 0.231631 1
7048 2.80532 0.147159 1
7049 2.53804 0.153182 1
7050 1.73663 0.0498133 1
7051 1.73663 -0.0346586 1
7052 1.46934 -0.0286358 1
7053 0.667934 -0.132005 1
7054 0.667934 -0.216477 1
7055 0.400651 -0.210454 1
7056 -0.40076 -0.313823 1
7057 -0.40076 -0.398295 1
7058 -0.668043 -0.392272 1
7059 -1.46945 -0.495641 1
7060 -1.46945 -0.580113 1
7061 -1.73674 -0.57409 1
7062 -2.53815 -0.677459 1
7063 -2.53808 -0.76195 1
7064 -2.80514 -0.759992 1
7065 -3.6106 -0.857344 1
7066 -3.61181 -0.932887 1
7067 -4.383 -0.962222 1
7068 4.94282 0.766499 1
7069 4.95167 0.692783 1
7070 4.67565 0.73214 1
7071 3.87402 0.596039 1
7072 3.87402 0.511092 1
7073 3.61248 0.546372 1
7074 2.80532 0.41422 1
7075 2.80532 0.329274 1
7076 2.54378 0.364554 1
7077 1.73663 0.232402 1
7078 1.73663 0.147456 1
7079 1.47509 0.182736 1
7080 0.667934 0.0505843 1
7081 0.667934 -0.0343623 1
7082 0.406393 0.000917758 1
7083 -0.40076 -0.131234 1
7084 -0.40076 -0.21618 1
7085 -0.662301 -0.1809 1
7086 -1.46945 -0.313052 1
7087 -1.46945 -0.397998 1
7088 -1.731 -0.362718 1
7089 -2.53815 -0.49487 1
7090 -2.53815 -0.579817 1
7091 -2.79969 -0.544537 1
7092 -3.60684 -0.676688 1
7093 -3.60199 -0.759657 1
7094 -3.87199 -0.723678 1
7095 -4.67915 -0.858507 1
7096 -4.67199 -0.931426 1
7097 -4.93403 -0.897457 1
7098 4.8916 1 -0.899624
7099 5.74483 1 -0.821603
7100 3.79607 1 -0.815809
7101 3.92704 1 -0.885154
7102 4.84566 1 -0.64204
7103 2.72737 1 -0.815809
7104 2.85835 1 -0.885154
7105 3.77535 1 -0.636465
7106 3.88002 1 -0.648721
7107 4.84546 1 -0.455481
7108 4.98868 1 -0.485924
7109 1.65868 1 -0.815809
7110 1.78966 1 -0.885154
7111 2.70666 1 -0.636465
7112 2.81133 1 -0.648721
7113 3.77533 1 -0.454646
7114 3.88123 1 -0.467167
7115 4.85072 1 -0.27172
7116 4.99627 1 -0.307502
7117 0.589985 1 -0.815809
7118 0.720962 1 -0.885154
7119 1.63796 1 -0.636465
7120 1.74263 1 -0.648721
7121 2.70664 1 -0.454646
7122 2.81254 1 -0.467167
7123 3.77533 1 -0.272828
7124 3.88123 1 -0.285349
7125 4.85072 1 -0.0899017
7126 4.99503 1 -0.125368
7127 -0.478709 1 -0.815809
7128 -0.347732 1 -0.885154
7129 0.569267 1 -0.636465
7130 0.673939 1 -0.648721
7131 1.63794 1 -0.454646
7132 1.74384 1 -0.467167
7133 2.70664 1 -0.272828
7134 2.81254 1 -0.285349
7135 3.77533 1 -0.0910096
7136 3.88123 1 -0.103531
7137 4.85072 1 0.0919163
7138 4.99503 1 0.0564495
7139 -1.5393 1 -0.812853
7140 -1.41643 1 -0.885154
7141 -0.499429 1 -0.636465
7142 -0.39438 1 -0.644601
7143 0.569245 1 -0.454646
7144 0.675357 1 -0.463012
7145 1.63794 1 -0.272827
7146 1.74405 1 -0.281194
7147 2.70663 1 -0.0910094
7148 2.81275 1 -0.0993758
7149 3.77533 1 0.0908086
7150 3.88144 1 0.0824422
7151 4.85071 1 0.273734
7152 4.99503 1 0.238267
7153 -2.61743 1 -0.808738
7154 -2.48165 1 -0.88544
7155 4.85605 1 0.460002
7156 4.99481 1 0.42012
7157 -3.75853 1 -0.796843
7158 -3.53026 1 -0.835673
7159 -2.70057 1 -0.616611
7160 -2.47381 1 -0.664971
7161 -1.63749 1 -0.440366
7162 -1.40521 1 -0.482799
7163 -0.568794 1 -0.258548
7164 -0.33651 1 -0.300981
7165 0.4999 1 -0.07673
7166 0.732184 1 -0.119163
7167 1.56859 1 0.105088
7168 1.80088 1 0.062655
7169 2.63729 1 0.286906
7170 2.86957 1 0.244473
7171 3.70598 1 0.468724
7172 3.93827 1 0.426291
7173 4.7761 1 0.699326
7174 4.98669 1 0.607455
7175 -4.62807 1 -0.851231
7176 4.79026 -1 0.899585
7177 -4.77894 1 0.905609
7178 5.2231 0.837201 -1
7179 -4.876 -1 0.92422
7180 4.77845 -1 -0.718338
7181 -3.7824 -1 0.925565
7182 -2.70021 -1 0.729405
7183 -2.7028 -1 0.918846
7184 -1.63837 -1 0.547386
7185 -1.63461 -1 0.917941
7186 -0.569677 -1 0.365567
7187 -0.567674 -1 0.557709
7188 -1.32553 -1 0.747651
7189 -0.567924 -1 0.918067
7190 0.499017 -1 0.183749
7191 0.50102 -1 0.375891
7192 -0.253177 -1 0.566403
7193 0.50057 -1 0.553179
7194 0.502782 -1 0.917941
7195 1.56771 -1 0.00193142
7196 1.56971 -1 0.194073
7197 0.818902 -1 0.38178
7198 1.56926 -1 0.371361
7199 1.56971 -1 0.55771
7200 0.811859 -1 0.747652
7201 1.56947 -1 0.918067
7202 2.63641 -1 -0.179887
7203 2.63841 -1 0.0122547
7204 1.8876 -1 0.199962
7205 2.63796 -1 0.189543
7206 2.63841 -1 0.375892
7207 1.88421 -1 0.566404
7208 2.63796 -1 0.553179
7209 2.64017 -1 0.917941
7210 3.7051 -1 -0.361705
7211 3.7071 -1 -0.169563
7212 2.95629 -1 0.0181438
7213 3.70665 -1 0.00772461
7214 3.7071 -1 0.194074
7215 2.95629 -1 0.381781
7216 3.70665 -1 0.371361
7217 3.7071 -1 0.55771
7218 2.94925 -1 0.747652
7219 3.70681 -1 0.918067
7220 4.77592 -1 -0.54196
7221 4.77535 -1 -0.355912
7222 4.02498 -1 -0.163674
7223 4.7758 -1 -0.169563
7224 4.77535 -1 0.0077246
7225 4.02499 -1 0.199963
7226 4.7758 -1 0.194074
7227 4.0216 -1 0.566404
7228 4.77825 -1 0.554408
7229 4.70615 -1 0.689771
7230 5.08499 -1 -0.523516
7231 5.78905 -1 -0.362622
7232 5.08499 -1 -0.159889
7233 5.78905 -1 -0.180804
7234 5.78905 -1 0.00101392
7235 5.08499 -1 0.203747
7236 5.78905 -1 0.182832
7237 5.7885 -1 0.365631
7238 5.79055 -1 0.548978
7239 -5.2231 0.837201 1
7240 -4.77845 1 -0.718338
7241 3.78735 1 0.888477
7242 2.69721 1 0.727185
7243 1.63139 1 0.547755
7244 1.62405 1 0.73086
7245 0.569677 1 0.365567
7246 0.558061 1 0.727331
7247 -0.499017 1 0.183749
7248 -0.50102 1 0.375891
7249 0.257325 1 0.564017
7250 -0.510476 1 0.730617
7251 -1.56771 1 0.00193142
7252 -1.56971 1 0.194073
7253 -0.815518 1 0.384586
7254 -1.56926 1 0.371361
7255 -1.57933 1 0.727331
7256 -2.63641 1 -0.179887
7257 -2.63841 1 0.0122547
7258 -1.8876 1 0.199962
7259 -2.63796 1 0.189543
7260 -2.63841 1 0.375892
7261 -1.88007 1 0.564018
7262 -2.64786 1 0.730617
7263 -3.7051 1 -0.361705
7264 -3.7071 1 -0.169563
7265 -2.95629 1 0.0181438
7266 -3.70665 1 0.00772461
7267 -3.7071 1 0.194074
7268 -2.95291 1 0.384586
7269 -3.70665 1 0.371361
7270 -3.71672 1 0.727331
7271 -4.77592 1 -0.54196
7272 -4.77535 1 -0.355912
7273 -4.02498 1 -0.163674
7274 -4.7758 1 -0.169563
7275 -4.77535 1 0.0077246
7276 -4.02499 1 0.199963
7277 -4.7758 1 0.194074
7278 -4.01745 1 0.564018
7279 -4.78234 1 0.54597
7280 -5.08499 1 -0.523516
7281 -5.79032 1 -0.545075
7282 -5.78905 1 -0.362622
7283 -5.08499 1 -0.159889
7284 -5.78905 1 -0.180804
7285 -5.78905 1 0.00101392
7286 -5.08499 1 0.203747
7287 -5.78905 1 0.182832
7288 -5.7885 1 0.365631
7289 -5.79055 1 0.548978
7290 -4.58413 -1 -0.710041
7291 -3.51808 -1 -0.709311
7292 -4.58603 -1 -0.527098
7293 -2.44939 -1 -0.709311
7294 -3.51735 -1 -0.527096
7295 -4.58604 -1 -0.345277
7296 -1.3807 -1 -0.709311
7297 -2.44866 -1 -0.527096
7298 -3.51735 -1 -0.345278
7299 -4.58604 -1 -0.163459
7300 -0.312 -1 -0.709311
7301 -1.37996 -1 -0.527096
7302 -2.44866 -1 -0.345278
7303 -3.51735 -1 -0.163459
7304 -4.58604 -1 0.0183588
7305 0.756694 -1 -0.709311
7306 -0.311268 -1 -0.527096
7307 -1.37996 -1 -0.345278
7308 -2.44866 -1 -0.163459
7309 -3.51735 -1 0.0183586
7310 -4.58604 -1 0.200177
7311 1.82678 -1 -0.709642
7312 1.44737 -1 -0.688027
7313 0.758821 -1 -0.527425
7314 0.374943 -1 -0.506877
7315 -0.309874 -1 -0.345607
7316 -0.693749 -1 -0.325058
7317 -1.37857 -1 -0.163789
7318 -1.76244 -1 -0.14324
7319 -2.44726 -1 0.0180289
7320 -2.83114 -1 0.0385776
7321 -3.51596 -1 0.199847
7322 -3.89983 -1 0.220396
7323 -4.58465 -1 0.381665
7324 2.57973 -1 -0.684576
7325 1.9772 -1 -0.488945
7326 1.51174 -1 -0.498503
7327 0.908505 -1 -0.307127
7328 0.443049 -1 -0.316684
7329 -0.160189 -1 -0.125308
7330 -0.625645 -1 -0.134866
7331 -1.22888 -1 0.0565096
7332 -1.69434 -1 0.0469517
7333 -2.29758 -1 0.238328
7334 -2.76303 -1 0.22877
7335 -3.36627 -1 0.420146
7336 -3.83173 -1 0.410588
7337 -4.43426 -1 0.601866
7338 -4.89555 -1 0.590602
7339 -5.41503 -1 0.751369
7340 -5.40451 -1 0.706216
7341 4.58413 1 -0.710041
7342 3.51808 1 -0.709311
7343 4.58603 1 -0.527098
7344 2.44939 1 -0.709311
7345 3.51735 1 -0.527096
7346 4.58604 1 -0.345277
7347 1.3807 1 -0.709311
7348 2.44866 1 -0.527096
7349 3.51735 1 -0.345278
7350 4.58604 1 -0.163459
7351 0.312 1 -0.709311
7352 1.37996 1 -0.527096
7353 2.44866 1 -0.345278
7354 3.51735 1 -0.163459
7355 4.58604 1 0.0183588
7356 -0.756694 1 -0.709311
7357 0.311268 1 -0.527096
7358 1.37996 1 -0.345278
7359 2.44866 1 -0.163459
7360 3.51735 1 0.0183586
7361 4.58604 1 0.200177
7362 -1.82678 1 -0.709642
7363 -1.44737 1 -0.688027
7364 -0.758821 1 -0.527425
7365 -0.374943 1 -0.506877
7366 0.309874 1 -0.345607
7367 0.693749 1 -0.325058
7368 1.37857 1 -0.163789
7369 1.76244 1 -0.14324
7370 2.44726 1 0.0180289
7371 2.83114 1 0.0385776
7372 3.51596 1 0.199847
7373 3.89983 1 0.220396
7374 4.58465 1 0.381665
7375 -2.57973 1 -0.684576
7376 -1.9772 1 -0.488945
7377 -1.51174 1 -0.498503
7378 -0.908505 1 -0.307127
7379 -0.443049 1 -0.316684
7380 0.160189 1 -0.125308
7381 0.625645 1 -0.134866
7382 1.22888 1 0.0565096
7383 1.69434 1 0.0469517
7384 2.29758 1 0.238328
7385 2.76303 1 0.22877
7386 3.36627 1 0.420146
7387 3.83173 1 0.410588
7388 4.43426 1 0.601865
7389 4.89386 1 0.590034
7390 5.3986 1 0.750938
7391 5.40895 1 0.706622
7392 -4.10779 1 -1
7393 -3.0391 1 -1
7394 -1.9704 1 -1
7395 -0.901711 1 -1
7396 0.166983 1 -1
7397 1.23568 1 -1
7398 2.30437 1 -1
7399 3.37307 1 -1
7400 -4.48359 -1 0.834251
7401 -3.4261 -1 0.645784
7402 -3.46486 -1 0.878748
7403 -3.52762 -1 0.924508
7404 -2.35742 -1 0.463955
7405 -2.39398 -1 0.718219
7406 -2.39379 -1 0.862516
7407 -2.45564 -1 0.922514
7408 -1.28872 -1 0.282137
7409 -1.32759 -1 0.535072
7410 -1.32829 -1 0.865341
7411 -1.38536 -1 0.919651
7412 -0.22003 -1 0.100319
7413 -0.258896 -1 0.353253
7414 -0.25878 -1 0.709477
7415 -0.319651 -1 0.919668
7416 -0.25552 -1 0.842998
7417 0.848664 -1 -0.0814994
7418 0.809798 -1 0.171435
7419 0.802853 -1 0.520668
7420 0.809095 -1 0.865341
7421 0.752029 -1 0.919651
7422 1.91736 -1 -0.263317
7423 1.87849 -1 -0.0103829
7424 1.87155 -1 0.33885
7425 1.87861 -1 0.709477
7426 1.81774 -1 0.919668
7427 1.88187 -1 0.842998
7428 2.98605 -1 -0.445136
7429 2.94719 -1 -0.192201
7430 2.94024 -1 0.157032
7431 2.94024 -1 0.520668
7432 2.94648 -1 0.865341
7433 2.88942 -1 0.919651
7434 4.06219 -1 -0.60485
7435 4.01588 -1 -0.374019
7436 4.00894 -1 -0.0247863
7437 4.00894 -1 0.33885
7438 4.01595 -1 0.709477
7439 3.95363 -1 0.919668
7440 4.01828 -1 0.842998
7441 5.09802 -1 -0.744788
7442 5.07709 -1 -0.612901
7443 5.08257 -1 -0.382816
7444 5.07654 -1 -0.249523
7445 5.08257 -1 -0.0191803
7446 5.07654 -1 0.114114
7447 5.08579 -1 0.339942
7448 5.00915 -1 0.580025
7449 5.08699 -1 0.486001
7450 3.4028 0.94215 1
7451 3.30271 0.933211 1
7452 3.0391 1 1
7453 2.33411 0.94215 1
7454 2.23401 0.933211 1
7455 1.9704 1 1
7456 1.26541 0.94215 1
7457 1.16532 0.933211 1
7458 0.901711 1 1
7459 0.196718 0.94215 1
7460 0.0966251 0.933211 1
7461 -0.166983 1 1
7462 -0.871976 0.94215 1
7463 -0.972069 0.933211 1
7464 -1.23568 1 1
7465 -1.94067 0.94215 1
7466 -2.04076 0.933211 1
7467 -2.30437 1 1
7468 -3.00936 0.94215 1
7469 -3.10946 0.933211 1
7470 -3.37307 1 1
7471 4.40818 1 0.89047
7472 3.43049 1 0.639987
7473 2.3574 1 0.463971
7474 2.36643 1 0.672169
7475 1.28872 1 0.282137
7476 1.32308 1 0.537546
7477 1.32281 1 0.664781
7478 0.22003 1 0.100319
7479 0.258896 1 0.353253
7480 0.254646 1 0.664012
7481 -0.848664 1 -0.0814994
7482 -0.809798 1 0.171435
7483 -0.810018 1 0.527793
7484 -0.814412 1 0.664502
7485 -1.91736 1 -0.263317
7486 -1.87849 1 -0.0103829
7487 -1.87155 1 0.33885
7488 -1.88274 1 0.664012
7489 -2.98605 1 -0.445136
7490 -2.94719 1 -0.192201
7491 -2.94024 1 0.157032
7492 -2.94741 1 0.527793
7493 -2.9518 1 0.664502
7494 -4.06219 1 -0.60485
7495 -4.01588 1 -0.374019
7496 -4.00894 1 -0.0247863
7497 -4.00894 1 0.33885
7498 -4.02013 1 0.664012
7499 -5.09802 1 -0.744788
7500 -5.07709 1 -0.612901
7501 -5.08257 1 -0.382816
7502 -5.07654 1 -0.249523
7503 -5.08257 1 -0.0191803
7504 -5.07654 1 0.114114
7505 -5.08579 1 0.339942
7506 -5.00912 1 0.579761
7507 -5.087 1 0.485997
7508 -3.37307 -1 -1
7509 -2.30437 -1 -1
7510 -1.23568 -1 -1
7511 -0.166983 -1 -1
7512 0.901711 -1 -1
7513 1.9704 -1 -1
7514 3.0391 -1 -1
7515 4.26002 -1 -0.910431
7516 4.29288 -1 -0.814172
7517 -4.5888 -1 -0.612052
7518 -3.52037 -1 -0.611977
7519 -4.58903 -1 -0.430157
7520 -2.45167 -1 -0.611977
7521 -3.52034 -1 -0.430157
7522 -4.58903 -1 -0.248339
7523 -1.38298 -1 -0.611977
7524 -2.45164 -1 -0.430157
7525 -3.52034 -1 -0.248339
7526 -4.58903 -1 -0.0665208
7527 -0.314283 -1 -0.611977
7528 -1.38295 -1 -0.430157
7529 -2.45164 -1 -0.248339
7530 -3.52034 -1 -0.066521
7531 -4.58903 -1 0.115297
7532 0.754414 -1 -0.611977
7533 -0.314251 -1 -0.430157
7534 -1.38295 -1 -0.248339
7535 -2.45164 -1 -0.0665207
7536 -3.52033 -1 0.115297
7537 -4.58903 -1 0.297116
7538 -5.65607 -1 0.568865
7539 1.83467 -1 -0.611196
7540 0.766007 -1 -0.429376
7541 -0.302687 -1 -0.247558
7542 -1.37138 -1 -0.0657398
7543 -2.44008 -1 0.116078
7544 -3.50877 -1 0.297896
7545 -4.57744 -1 0.479714
7546 4.05143 -1 -0.730221
7547 3.21986 -1 -0.649934
7548 2.97146 -1 -0.586236
7549 2.14589 -1 -0.472323
7550 1.90409 -1 -0.400473
7551 1.07714 -1 -0.289378
7552 0.835398 -1 -0.218655
7553 0.00844398 -1 -0.107559
7554 -0.233296 -1 -0.0368372
7555 -1.06025 -1 0.0742586
7556 -1.30199 -1 0.144981
7557 -2.12894 -1 0.256077
7558 -2.37068 -1 0.326799
7559 -3.19764 -1 0.437895
7560 -3.43938 -1 0.508617
7561 -4.266 -1 0.619635
7562 -4.49824 -1 0.689841
7563 -5.67638 -1 0.929901
7564 -5.67307 -1 0.891354
7565 -5.40889 -1 0.798895
7566 -4.07591 -0.912286 1
7567 -4.26424 1 -0.908434
7568 -4.29288 1 -0.814172
7569 4.5888 1 -0.612052
7570 3.52037 1 -0.611977
7571 4.58903 1 -0.430157
7572 2.45167 1 -0.611977
7573 3.52034 1 -0.430157
7574 4.58903 1 -0.248339
7575 1.38298 1 -0.611977
7576 2.45164 1 -0.430157
7577 3.52034 1 -0.248339
7578 4.58903 1 -0.0665208
7579 0.314283 1 -0.611977
7580 1.38295 1 -0.430157
7581 2.45164 1 -0.248339
7582 3.52034 1 -0.066521
7583 4.58903 1 0.115297
7584 -0.754414 1 -0.611977
7585 0.314251 1 -0.430157
7586 1.38295 1 -0.248339
7587 2.45164 1 -0.0665207
7588 3.52033 1 0.115297
7589 4.58903 1 0.297116
7590 5.65607 1 0.568865
7591 -1.83467 1 -0.611196
7592 -0.766007 1 -0.429376
7593 0.302687 1 -0.247558
7594 1.37138 1 -0.0657398
7595 2.44008 1 0.116078
7596 3.50877 1 0.297896
7597 4.57744 1 0.479714
7598 -4.05143 1 -0.730221
7599 -3.21986 1 -0.649934
7600 -2.97146 1 -0.586236
7601 -2.14589 1 -0.472323
7602 -1.90409 1 -0.400473
7603 -1.07714 1 -0.289378
7604 -0.835398 1 -0.218655
7605 -0.00844398 1 -0.107559
7606 0.233296 1 -0.0368372
7607 1.06025 1 0.0742586
7608 1.30199 1 0.144981
7609 2.12894 1 0.256077
7610 2.37068 1 0.326799
7611 3.19765 1 0.437917
7612 3.43938 1 0.508617
7613 4.26626 1 0.619982
7614 4.49827 1 0.689907
7615 5.38826 1 0.841243
7616 5.40623 1 0.903961
7617 5.43733 1 0.777764
7618 -5.58911 1 -0.899279
7619 5.58911 -1 -0.899279
7620 -5.16335 1 -0.840604
7621 5.16335 -1 -0.840604
7622 -5.45323 0.925825 -1
7623 -4.90931 1 -1
7624 5.6624 0.742166 -1
7625 -5.72302 -1 0.951404
7626 -5.71084 -1 1
7627 -3.6673 -1 0.697337
7628 -2.59853 -1 0.515617
7629 -1.52984 -1 0.333799
7630 -0.461145 -1 0.151981
7631 0.60755 -1 -0.0298372
7632 1.67624 -1 -0.211655
7633 2.74494 -1 -0.393473
7634 3.81346 -1 -0.575268
7635 4.87323 -1 -0.760725
7636 4.28515 -1 -0.679161
7637 -3.79009 -1 0.780688
7638 -4.0076 -1 1
7639 -4.51252 -1 0.93815
7640 -2.72058 -1 0.599239
7641 -3.33724 -1 0.759613
7642 -2.71353 -1 0.818843
7643 -3.47326 -1 1
7644 -1.65189 -1 0.417423
7645 -2.26921 -1 0.577363
7646 -1.63727 -1 0.645072
7647 -1.63505 -1 0.780186
7648 -2.40456 -1 1
7649 -0.58319 -1 0.235605
7650 -1.20052 -1 0.395545
7651 -0.568552 -1 0.46188
7652 -0.563632 -1 0.648353
7653 -0.571052 -1 0.77859
7654 -1.33587 -1 1
7655 0.485504 -1 0.0537868
7656 -0.131823 -1 0.213727
7657 0.500142 -1 0.280062
7658 0.505085 -1 0.46491
7659 0.5001 -1 0.646525
7660 0.502336 -1 0.780187
7661 -0.267174 -1 1
7662 1.5542 -1 -0.128031
7663 0.936871 -1 0.0319085
7664 1.56884 -1 0.0982438
7665 1.57378 -1 0.283092
7666 1.56881 -1 0.463333
7667 1.57376 -1 0.648353
7668 1.56634 -1 0.77859
7669 0.80152 -1 1
7670 2.62289 -1 -0.309849
7671 2.00556 -1 -0.14991
7672 2.63753 -1 -0.0835742
7673 2.64247 -1 0.101274
7674 2.63751 -1 0.281515
7675 2.64247 -1 0.46491
7676 2.63749 -1 0.646525
7677 2.63972 -1 0.780187
7678 1.87021 -1 1
7679 3.69157 -1 -0.491665
7680 3.07426 -1 -0.331728
7681 3.70623 -1 -0.265392
7682 3.71117 -1 -0.080544
7683 3.7062 -1 0.0996971
7684 3.71117 -1 0.283092
7685 3.7062 -1 0.463333
7686 3.71115 -1 0.648353
7687 3.70372 -1 0.77859
7688 2.93891 -1 1
7689 4.78053 -1 -0.628713
7690 4.14423 -1 -0.512751
7691 4.77583 -1 -0.447954
7692 4.7749 -1 -0.263939
7693 4.77986 -1 -0.080544
7694 4.7749 -1 0.0996971
7695 4.77986 -1 0.284745
7696 4.77292 -1 0.414254
7697 4.0076 -1 1
7698 5.58519 -1 -0.697698
7699 5.65151 -1 -0.630418
7700 5.60691 -1 -0.440219
7701 5.60809 -1 -0.258887
7702 5.60809 -1 -0.0770685
7703 5.60809 -1 0.104749
7704 5.60972 -1 0.285903
7705 5.61326 -1 0.469374
7706 -5.6624 0.742166 1
7707 5.04735 1 0.846062
7708 3.67116 1 0.695925
7709 2.59853 1 0.515617
7710 1.52984 1 0.333799
7711 0.461145 1 0.151981
7712 -0.60755 1 -0.0298372
7713 -1.67624 1 -0.211655
7714 -2.74494 1 -0.393473
7715 -3.81346 1 -0.575268
7716 -4.87323 1 -0.760725
7717 -4.28515 1 -0.679161
7718 4.67189 1 0.924301
7719 3.79381 1 0.780093
7720 2.72024 1 0.59927
7721 3.23948 1 1
7722 1.65189 1 0.417423
7723 2.27108 1 0.580807
7724 1.64254 1 0.637355
7725 2.17078 1 1
7726 0.58319 1 0.235605
7727 1.20052 1 0.395545
7728 0.56855 1 0.463279
7729 0.567337 1 0.597597
7730 1.10209 1 1
7731 -0.485504 1 0.0537868
7732 0.131823 1 0.213727
7733 -0.500142 1 0.280062
7734 -0.505088 1 0.466564
7735 -0.498454 1 0.597308
7736 0.0333967 1 1
7737 -1.5542 1 -0.128031
7738 -0.936871 1 0.0319085
7739 -1.56884 1 0.0982438
7740 -1.57378 1 0.283092
7741 -1.56882 1 0.464732
7742 -1.57005 1 0.597597
7743 -1.0353 1 1
7744 -2.62289 1 -0.309849
7745 -2.00556 1 -0.14991
7746 -2.63753 1 -0.0835742
7747 -2.64247 1 0.101274
7748 -2.63751 1 0.281515
7749 -2.64248 1 0.466564
7750 -2.63584 1 0.597308
7751 -2.10399 1 1
7752 -3.69157 1 -0.491665
7753 -3.07426 1 -0.331728
7754 -3.70623 1 -0.265392
7755 -3.71117 1 -0.080544
7756 -3.7062 1 0.0996971
7757 -3.71117 1 0.283092
7758 -3.70621 1 0.464732
7759 -3.70744 1 0.597597
7760 -3.17269 1 1
7761 -4.78053 1 -0.628713
7762 -4.14423 1 -0.512751
7763 -4.77583 1 -0.447954
7764 -4.7749 1 -0.263939
7765 -4.77986 1 -0.080544
7766 -4.7749 1 0.0996971
7767 -4.77986 1 0.284745
7768 -4.77292 1 0.414252
7769 -4.75879 1 0.634658
7770 -4.65999 1 0.870127
7771 -5.58519 1 -0.697698
7772 -5.64645 1 -0.631435
7773 -5.60807 1 -0.440694
7774 -5.60809 1 -0.258887
7775 -5.60809 1 -0.0770685
7776 -5.60809 1 0.104749
7777 -5.60972 1 0.285903
7778 -5.61326 1 0.469374
7779 -5.10958 1 0.806542
7780 5.45314 -0.92782 -1
7781 4.90931 -1 -1
7782 -4.78576 -1 -0.862549
7783 -4.44902 -1 -0.839718
7784 -5.7324 -1 -0.587628
7785 -5.69086 -1 -0.564437
7786 -4.94773 -1 -0.648054
7787 1.63721 -1 -0.63798
7788 0.568533 -1 -0.456147
7789 -0.500161 -1 -0.274329
7790 -1.56886 -1 -0.0925109
7791 -2.63755 -1 0.0893071
7792 -3.70624 -1 0.271125
7793 -4.7732 -1 0.452873
7794 1.52427 -1 -0.629305
7795 0.455595 -1 -0.447487
7796 -0.6131 -1 -0.265669
7797 -1.68179 -1 -0.0838506
7798 -2.75049 -1 0.0979674
7799 -3.81918 -1 0.279786
7800 -4.99187 -1 0.769263
7801 4.27478 -1 1
7802 3.20608 -1 1
7803 3.74043 -1 1
7804 2.13739 -1 1
7805 2.67174 -1 1
7806 1.06869 -1 1
7807 1.60304 -1 1
7808 1.49012e-08 -1 1
7809 0.534347 -1 1
7810 -1.06869 -1 1
7811 -0.534347 -1 1
7812 -2.13739 -1 1
7813 -1.60304 -1 1
7814 -3.20608 -1 1
7815 -2.67174 -1 1
7816 -3.74328 -0.929497 1
7817 -4.27478 -1 1
7818 -3.74043 -1 1
7819 -4.18702 -0.868737 1
7820 -5.45314 -0.92782 1
7821 -4.80912 -1 1
7822 4.78576 1 -0.862549
7823 4.44902 1 -0.839718
7824 5.7324 1 -0.587628
7825 5.69086 1 -0.564437
7826 4.94773 1 -0.648054
7827 -1.63721 1 -0.63798
7828 -0.568533 1 -0.456147
7829 0.500161 1 -0.274329
7830 1.56886 1 -0.0925109
7831 2.63755 1 0.0893071
7832 3.70624 1 0.271125
7833 4.7732 1 0.452873
7834 -1.52427 1 -0.629305
7835 -0.455595 1 -0.447487
7836 0.6131 1 -0.265669
7837 1.68179 1 -0.0838506
7838 2.75049 1 0.0979674
7839 3.81918 1 0.279786
7840 5.00002 1 0.774352
7841 4.96938 -1 0.847568
7842 -4.99428 1 0.82733
7843 5.36038 0.85929 -1
7844 5.54822 0.879565 -1
7845 -5.35055 -1 0.950281
7846 -5.25744 -1 0.900706
7847 -5.12871 -1 0.953812
7848 -4.02555 -1 0.768344
7849 -2.95708 -1 0.586699
7850 -1.88838 -1 0.40488
7851 -0.819687 -1 0.223062
7852 0.249007 -1 0.0412444
7853 1.3177 -1 -0.140574
7854 2.3864 -1 -0.322392
7855 3.45509 -1 -0.50421
7856 4.51203 -1 -0.75939
7857 4.63781 -1 -0.756983
7858 -4.01635 -1 0.897787
7859 -3.97584 -1 0.850285
7860 -3.57623 -1 0.760781
7861 -2.93673 -1 0.77252
7862 -2.9056 -1 0.671979
7863 -2.50759 -1 0.579223
7864 -1.89052 -1 0.543589
7865 -1.83754 -1 0.488496
7866 -2.05691 -1 0.771984
7867 -1.86112 -1 0.657618
7868 -1.91444 -1 0.747919
7869 -1.92231 -1 0.921842
7870 -1.82157 -1 0.891463
7871 -1.4389 -1 0.397404
7872 -0.821827 -1 0.36177
7873 -0.768843 -1 0.306678
7874 -0.997872 -1 0.587564
7875 -0.792904 -1 0.471069
7876 -0.842615 -1 0.564285
7877 -0.988004 -1 0.772321
7878 -0.786909 -1 0.655095
7879 -0.840086 -1 0.748475
7880 -0.853618 -1 0.921842
7881 -0.752872 -1 0.891463
7882 -0.370202 -1 0.215586
7883 0.246867 -1 0.179952
7884 0.299851 -1 0.12486
7885 0.0703004 -1 0.402946
7886 0.27579 -1 0.28925
7887 0.224376 -1 0.383139
7888 0.0678269 -1 0.586873
7889 0.280079 -1 0.473869
7890 0.224173 -1 0.566049
7891 0.0806904 -1 0.772321
7892 0.278295 -1 0.658411
7893 0.22324 -1 0.747952
7894 0.215076 -1 0.921842
7895 0.315822 -1 0.891463
7896 0.698492 -1 0.0337681
7897 1.31556 -1 -0.00186556
7898 1.36854 -1 -0.0569584
7899 1.13899 -1 0.221128
7900 1.34448 -1 0.107432
7901 1.29307 -1 0.201321
7902 1.13554 -1 0.402149
7903 1.34877 -1 0.292051
7904 1.29116 -1 0.384903
7905 1.14214 -1 0.584279
7906 1.3387 -1 0.476245
7907 1.29815 -1 0.567641
7908 1.14938 -1 0.772321
7909 1.35048 -1 0.655095
7910 1.2973 -1 0.748475
7911 1.28377 -1 0.921842
7912 1.38452 -1 0.891463
7913 1.76719 -1 -0.14805
7914 2.38426 -1 -0.183684
7915 2.43724 -1 -0.238776
7916 2.20769 -1 0.0393101
7917 2.41318 -1 -0.0743858
7918 2.36177 -1 0.019503
7919 2.20423 -1 0.220331
7920 2.41747 -1 0.110233
7921 2.35986 -1 0.203085
7922 2.21073 -1 0.399596
7923 2.40739 -1 0.294427
7924 2.36483 -1 0.386618
7925 2.20522 -1 0.586873
7926 2.41747 -1 0.473869
7927 2.36156 -1 0.566049
7928 2.21808 -1 0.772321
7929 2.41568 -1 0.658411
7930 2.36063 -1 0.747952
7931 2.35247 -1 0.921842
7932 2.45321 -1 0.891463
7933 2.83588 -1 -0.329868
7934 3.45295 -1 -0.365502
7935 3.50593 -1 -0.420594
7936 3.27638 -1 -0.142508
7937 3.48187 -1 -0.256204
7938 3.43046 -1 -0.162315
7939 3.27293 -1 0.0385134
7940 3.48616 -1 -0.0715848
7941 3.42855 -1 0.021267
7942 3.27943 -1 0.217778
7943 3.47609 -1 0.112609
7944 3.43353 -1 0.2048
7945 3.27293 -1 0.402149
7946 3.48616 -1 0.292051
7947 3.42855 -1 0.384903
7948 3.27953 -1 0.584279
7949 3.47609 -1 0.476245
7950 3.43554 -1 0.567641
7951 3.28677 -1 0.772321
7952 3.48787 -1 0.655095
7953 3.43469 -1 0.748475
7954 3.42116 -1 0.921842
7955 3.5219 -1 0.891463
7956 3.90457 -1 -0.511686
7957 4.52215 -1 -0.549291
7958 4.56959 -1 -0.632618
7959 4.34508 -1 -0.324326
7960 4.55452 -1 -0.436702
7961 4.4987 -1 -0.34307
7962 4.35167 -1 -0.142918
7963 4.54478 -1 -0.251028
7964 4.50222 -1 -0.158836
7965 4.34162 -1 0.0385134
7966 4.55486 -1 -0.0715848
7967 4.49725 -1 0.0212671
7968 4.35167 -1 0.220718
7969 4.54478 -1 0.112609
7970 4.50222 -1 0.2048
7971 4.34162 -1 0.402149
7972 4.55486 -1 0.292051
7973 4.49725 -1 0.384903
7974 4.34257 -1 0.586874
7975 4.55439 -1 0.474934
7976 4.49876 -1 0.56607
7977 4.35378 -1 0.770549
7978 4.55227 -1 0.656743
7979 4.4945 -1 0.750508
7980 4.4519 -1 0.880922
7981 5.33399 -1 -0.709946
7982 5.42185 -1 -0.498877
7983 5.55388 -1 -0.522842
7984 5.41552 -1 -0.323293
7985 5.5595 -1 -0.34262
7986 5.41552 -1 -0.141475
7987 5.5595 -1 -0.160802
7988 5.41552 -1 0.040343
7989 5.5595 -1 0.021016
7990 5.41644 -1 0.225083
7991 5.56114 -1 0.20217
7992 5.43009 -1 0.406243
7993 5.56501 -1 0.383396
7994 -5.36038 0.85929 1
7995 -5.54822 0.879565 1
7996 4.02433 1 0.769999
7997 2.95709 1 0.586755
7998 1.88838 1 0.40488
7999 0.819687 1 0.223062
8000 -0.249007 1 0.0412444
8001 -1.3177 1 -0.140574
8002 -2.3864 1 -0.322392
8003 -3.45509 1 -0.50421
8004 -4.51203 1 -0.75939
8005 -4.63781 1 -0.756983
8006 3.98078 1 0.851698
8007 2.95514 1 0.727971
8008 2.90669 1 0.672409
8009 2.50737 1 0.579194
8010 1.88779 1 0.543474
8011 1.83754 1 0.488496
8012 2.36547 1 0.754803
8013 1.89011 1 0.726422
8014 1.8435 1 0.649353
8015 1.4389 1 0.397404
8016 0.821827 1 0.36177
8017 0.768843 1 0.306678
8018 0.987158 1 0.58581
8019 0.792904 1 0.471069
8020 0.840077 1 0.56416
8021 1.29753 1 0.754679
8022 0.821433 1 0.72649
8023 0.775323 1 0.649347
8024 0.370202 1 0.215586
8025 -0.246867 1 0.179952
8026 -0.299851 1 0.12486
8027 -0.070822 1 0.405745
8028 -0.27579 1 0.28925
8029 -0.226079 1 0.382466
8030 -0.0817506 1 0.586147
8031 -0.281783 1 0.473197
8032 -0.228414 1 0.565251
8033 0.229269 1 0.754303
8034 -0.247261 1 0.72649
8035 -0.292921 1 0.650411
8036 -0.698492 1 0.0337681
8037 -1.31556 1 -0.00186556
8038 -1.36854 1 -0.0569584
8039 -1.13899 1 0.221128
8040 -1.34448 1 0.107432
8041 -1.29307 1 0.201321
8042 -1.13652 1 0.405055
8043 -1.34877 1 0.292051
8044 -1.29287 1 0.38423
8045 -1.15044 1 0.586147
8046 -1.34642 1 0.472019
8047 -1.29756 1 0.564187
8048 -0.839856 1 0.754679
8049 -1.31595 1 0.72649
8050 -1.36207 1 0.649347
8051 -1.76719 1 -0.14805
8052 -2.38426 1 -0.183684
8053 -2.43724 1 -0.238776
8054 -2.20769 1 0.0393101
8055 -2.41318 1 -0.0743858
8056 -2.36177 1 0.019503
8057 -2.20423 1 0.220331
8058 -2.41747 1 0.110233
8059 -2.35986 1 0.203085
8060 -2.21084 1 0.40246
8061 -2.40739 1 0.294427
8062 -2.36685 1 0.385823
8063 -2.21914 1 0.586147
8064 -2.41917 1 0.473197
8065 -2.3658 1 0.565251
8066 -1.90812 1 0.754303
8067 -2.38465 1 0.72649
8068 -2.43031 1 0.650411
8069 -2.83588 1 -0.329868
8070 -3.45295 1 -0.365502
8071 -3.50593 1 -0.420594
8072 -3.27638 1 -0.142508
8073 -3.48187 1 -0.256204
8074 -3.43046 1 -0.162315
8075 -3.27293 1 0.0385134
8076 -3.48616 1 -0.0715848
8077 -3.42855 1 0.021267
8078 -3.27943 1 0.217778
8079 -3.47609 1 0.112609
8080 -3.43353 1 0.2048
8081 -3.27391 1 0.405055
8082 -3.48616 1 0.292051
8083 -3.43026 1 0.38423
8084 -3.28783 1 0.586147
8085 -3.48381 1 0.472019
8086 -3.43495 1 0.564187
8087 -2.97724 1 0.754679
8088 -3.45334 1 0.72649
8089 -3.49946 1 0.649347
8090 -3.90457 1 -0.511686
8091 -4.52215 1 -0.549291
8092 -4.56959 1 -0.632618
8093 -4.34508 1 -0.324326
8094 -4.55452 1 -0.436702
8095 -4.4987 1 -0.34307
8096 -4.35167 1 -0.142918
8097 -4.54478 1 -0.251028
8098 -4.50222 1 -0.158836
8099 -4.34162 1 0.0385134
8100 -4.55486 1 -0.0715848
8101 -4.49725 1 0.0212671
8102 -4.35167 1 0.220718
8103 -4.54478 1 0.112609
8104 -4.50222 1 0.2048
8105 -4.3426 1 0.405055
8106 -4.55486 1 0.292051
8107 -4.49895 1 0.38423
8108 -4.35649 1 0.58635
8109 -4.55609 1 0.474258
8110 -4.503 1 0.565436
8111 -4.04551 1 0.754303
8112 -4.52101 1 0.726491
8113 -4.56143 1 0.647837
8114 -5.33399 1 -0.709946
8115 -5.42581 1 -0.503139
8116 -5.56398 1 -0.525164
8117 -5.41552 1 -0.323293
8118 -5.5595 1 -0.34262
8119 -5.41552 1 -0.141475
8120 -5.5595 1 -0.160802
8121 -5.41552 1 0.040343
8122 -5.5595 1 0.021016
8123 -5.41644 1 0.225083
8124 -5.56114 1 0.20217
8125 -5.43009 1 0.406243
8126 -5.56501 1 0.383396
8127 -5.2 -0.877644 -1
8128 -3.57207 -1 -0.868546
8129 -2.50337 -1 -0.868546
8130 -1.43468 -1 -0.868546
8131 -0.365984 -1 -0.868546
8132 0.70271 -1 -0.868546
8133 1.7714 -1 -0.868546
8134 2.84128 -1 -0.867302
8135 3.95542 -1 -0.843365
8136 -4.30225 -1 -0.682683
8137 -5.70782 -1 -0.517384
8138 -3.23403 -1 -0.68256
8139 -4.02677 -1 -0.805965
8140 -4.30273 -1 -0.500598
8141 -5.1577 -1 -0.526904
8142 -5.67352 -1 -0.321304
8143 -2.16533 -1 -0.68256
8144 -2.95814 -1 -0.805958
8145 -3.23403 -1 -0.500598
8146 -4.30273 -1 -0.31878
8147 -5.31542 -1 -0.383196
8148 -5.6735 -1 -0.139326
8149 -1.09664 -1 -0.68256
8150 -1.88945 -1 -0.805958
8151 -2.16534 -1 -0.500598
8152 -3.23403 -1 -0.31878
8153 -4.30273 -1 -0.136962
8154 -5.31567 -1 -0.198092
8155 -5.07777 -1 -0.257164
8156 -5.6735 -1 0.0424919
8157 -0.0279466 -1 -0.68256
8158 -0.820754 -1 -0.805958
8159 -1.09665 -1 -0.500598
8160 -2.16534 -1 -0.31878
8161 -3.23403 -1 -0.136962
8162 -4.30273 -1 0.0448562
8163 -5.31567 -1 -0.0162742
8164 -5.07777 -1 -0.0753457
8165 -5.6735 -1 0.22431
8166 1.04075 -1 -0.68256
8167 0.24794 -1 -0.805958
8168 -0.0279511 -1 -0.500598
8169 -1.09665 -1 -0.31878
8170 -2.16534 -1 -0.136962
8171 -3.23403 -1 0.0448564
8172 -4.30273 -1 0.226674
8173 -5.31567 -1 0.165544
8174 -5.07777 -1 0.106472
8175 -5.6735 -1 0.406128
8176 2.08026 -1 -0.697631
8177 1.31663 -1 -0.805958
8178 1.01138 -1 -0.515008
8179 -0.0573168 -1 -0.33319
8180 -1.12601 -1 -0.151372
8181 -2.1947 -1 0.0304461
8182 -3.2634 -1 0.212264
8183 -4.33209 -1 0.394082
8184 -5.31567 -1 0.347362
8185 -5.07777 -1 0.28829
8186 -5.71804 -1 0.608579
8187 -5.31343 -1 0.528866
8188 -5.07711 -1 0.470236
8189 -5.72953 -1 0.76088
8190 3.44522 -1 -0.725419
8191 2.38341 -1 -0.544679
8192 2.35638 -1 -0.634004
8193 1.3204 -1 -0.361683
8194 1.28652 -1 -0.4395
8195 0.251706 -1 -0.179865
8196 0.217826 -1 -0.257682
8197 -0.816988 -1 0.00195314
8198 -0.850868 -1 -0.0758642
8199 -1.88568 -1 0.183771
8200 -1.91956 -1 0.105954
8201 -2.95438 -1 0.365589
8202 -2.98826 -1 0.287772
8203 -4.02306 -1 0.547407
8204 -4.05694 -1 0.469589
8205 -4.75311 -1 0.813575
8206 5.2 -0.877638 1
8207 3.57207 1 -0.868546
8208 2.50337 1 -0.868546
8209 1.43468 1 -0.868546
8210 0.365984 1 -0.868546
8211 -0.70271 1 -0.868546
8212 -1.7714 1 -0.868546
8213 -2.84128 1 -0.867302
8214 -3.95542 1 -0.843365
8215 4.30225 1 -0.682683
8216 5.70782 1 -0.517384
8217 3.23403 1 -0.68256
8218 4.02677 1 -0.805965
8219 4.30273 1 -0.500598
8220 5.1577 1 -0.526904
8221 5.67352 1 -0.321304
8222 2.16533 1 -0.68256
8223 2.95814 1 -0.805958
8224 3.23403 1 -0.500598
8225 4.30273 1 -0.31878
8226 5.31542 1 -0.383196
8227 5.6735 1 -0.139326
8228 1.09664 1 -0.68256
8229 1.88945 1 -0.805958
8230 2.16534 1 -0.500598
8231 3.23403 1 -0.31878
8232 4.30273 1 -0.136962
8233 5.31567 1 -0.198092
8234 5.07777 1 -0.257164
8235 5.6735 1 0.0424919
8236 0.0279466 1 -0.68256
8237 0.820754 1 -0.805958
8238 1.09665 1 -0.500598
8239 2.16534 1 -0.31878
8240 3.23403 1 -0.136962
8241 4.30273 1 0.0448562
8242 5.31567 1 -0.0162742
8243 5.07777 1 -0.0753457
8244 5.6735 1 0.22431
8245 -1.04075 1 -0.68256
8246 -0.24794 1 -0.805958
8247 0.0279511 1 -0.500598
8248 1.09665 1 -0.31878
8249 2.16534 1 -0.136962
8250 3.23403 1 0.0448564
8251 4.30273 1 0.226674
8252 5.31567 1 0.165544
8253 5.07777 1 0.106472
8254 5.6735 1 0.406128
8255 -2.08026 1 -0.697631
8256 -1.31663 1 -0.805958
8257 -1.01138 1 -0.515008
8258 0.0573168 1 -0.33319
8259 1.12601 1 -0.151372
8260 2.1947 1 0.0304461
8261 3.2634 1 0.212264
8262 4.33209 1 0.394082
8263 5.31567 1 0.347362
8264 5.07777 1 0.28829
8265 5.71804 1 0.608579
8266 5.31343 1 0.528867
8267 5.07711 1 0.470236
8268 5.73517 1 0.760846
8269 -3.44522 1 -0.725419
8270 -2.38341 1 -0.544679
8271 -2.35638 1 -0.634004
8272 -1.3204 1 -0.361683
8273 -1.28652 1 -0.4395
8274 -0.251706 1 -0.179865
8275 -0.217826 1 -0.257682
8276 0.816988 1 0.00195314
8277 0.850868 1 -0.0758642
8278 1.88568 1 0.183771
8279 1.91956 1 0.105954
8280 2.95438 1 0.365589
8281 2.98826 1 0.287772
8282 4.02306 1 0.547407
8283 4.05694 1 0.469589
8284 4.75633 1 0.81765
8285 5.74391 1 0.928013
8286 -5.37846 1 -0.865016
8287 5.37846 -1 -0.865016
8288 -4.22004 -1 0.855912
8289 -4.25493 -1 0.932148
8290 -3.15247 -1 0.675263
8291 -3.19964 -1 0.738864
8292 -3.23794 -1 0.935572
8293 -2.08378 -1 0.493444
8294 -2.1311 -1 0.556922
8295 -2.12905 -1 0.691966
8296 -2.17349 -1 0.913226
8297 -1.01508 -1 0.311626
8298 -1.0624 -1 0.375104
8299 -1.05749 -1 0.507312
8300 -1.05318 -1 0.698127
8301 -1.10479 -1 0.913204
8302 0.05361 -1 0.129808
8303 0.00629198 -1 0.193286
8304 0.0112082 -1 0.325494
8305 0.015518 -1 0.698127
8306 -0.0268848 -1 0.932653
8307 1.1223 -1 -0.0520102
8308 1.07499 -1 0.0114679
8309 1.0799 -1 0.143676
8310 1.08421 -1 0.698127
8311 1.0326 -1 0.913204
8312 2.191 -1 -0.233828
8313 2.14368 -1 -0.17035
8314 2.1486 -1 -0.0381424
8315 2.15291 -1 0.698127
8316 2.1105 -1 0.932653
8317 3.25969 -1 -0.415646
8318 3.21238 -1 -0.352168
8319 3.21729 -1 -0.21996
8320 3.2216 -1 0.698127
8321 3.16999 -1 0.913204
8322 4.32977 -1 -0.594506
8323 4.26518 -1 -0.491388
8324 4.28563 -1 -0.408559
8325 4.28994 -1 0.697993
8326 4.24196 -1 0.934291
8327 5.39589 -1 -0.750042
8328 5.39014 -1 -0.782386
8329 5.44214 -1 -0.807196
8330 5.36508 -1 -0.567806
8331 5.39728 -1 -0.645534
8332 5.35928 -1 0.336359
8333 5.33147 -1 0.552409
8334 5.41892 -1 0.478033
8335 4.51005 1 0.83277
8336 3.15353 1 0.68583
8337 3.3955 1 0.768713
8338 2.08378 1 0.493444
8339 2.1283 1 0.560216
8340 2.1482 1 0.734554
8341 2.06132 1 0.648609
8342 1.01508 1 0.311626
8343 1.0624 1 0.375104
8344 1.06018 1 0.510006
8345 1.07897 1 0.734217
8346 0.991576 1 0.652924
8347 -0.05361 1 0.129808
8348 -0.00629198 1 0.193286
8349 -0.0112082 1 0.325494
8350 -0.015683 1 0.516166
8351 0.0102652 1 0.734196
8352 -0.0771267 1 0.652899
8353 -1.1223 1 -0.0520102
8354 -1.07499 1 0.0114679
8355 -1.0799 1 0.143676
8356 -1.08438 1 0.516166
8357 -1.05843 1 0.734196
8358 -1.14582 1 0.652899
8359 -2.191 1 -0.233828
8360 -2.14368 1 -0.17035
8361 -2.1486 1 -0.0381424
8362 -2.15307 1 0.516166
8363 -2.12712 1 0.734196
8364 -2.21452 1 0.652899
8365 -3.25969 1 -0.415646
8366 -3.21238 1 -0.352168
8367 -3.21729 1 -0.21996
8368 -3.22177 1 0.516166
8369 -3.19582 1 0.734196
8370 -3.28321 1 0.652899
8371 -4.32977 1 -0.594506
8372 -4.26518 1 -0.491388
8373 -4.28563 1 -0.408559
8374 -4.29046 1 0.516166
8375 -4.26288 1 0.73439
8376 -4.35124 1 0.654884
8377 -5.39589 1 -0.750042
8378 -5.39014 1 -0.782386
8379 -5.44214 1 -0.807196
8380 -5.35969 1 -0.568759
8381 -5.39728 1 -0.645534
8382 -5.35928 1 0.336359
8383 -5.33147 1 0.552409
8384 -5.41892 1 0.478033
8385 -4.35366 -1 -0.825057
8386 -3.19795 -1 -0.87185
8387 -3.38604 -1 -0.870549
8388 -2.12926 -1 -0.87185
8389 -2.31735 -1 -0.870549
8390 -1.06056 -1 -0.87185
8391 -1.24866 -1 -0.870549
8392 0.00813297 -1 -0.87185
8393 -0.17996 -1 -0.870549
8394 1.07683 -1 -0.87185
8395 0.888734 -1 -0.870549
8396 2.14552 -1 -0.871849
8397 1.95743 -1 -0.870549
8398 3.02386 -1 -0.875151
8399 -5.50144 -1 -0.701036
8400 -5.3874 -1 -0.627147
8401 -4.29326 -1 -0.759452
8402 -4.40315 -1 -0.768093
8403 -4.23043 -1 -0.830615
8404 -5.72578 -1 -0.646097
8405 -3.22591 -1 -0.75774
8406 -3.33774 -1 -0.768318
8407 -3.15271 -1 -0.807019
8408 -4.29485 -1 -0.574248
8409 -4.40665 -1 -0.582336
8410 -4.22331 -1 -0.62048
8411 -5.3627 -1 -0.432686
8412 -2.15721 -1 -0.75774
8413 -2.26905 -1 -0.768318
8414 -2.08402 -1 -0.807019
8415 -3.22615 -1 -0.574248
8416 -3.33796 -1 -0.582335
8417 -3.15463 -1 -0.620476
8418 -4.29485 -1 -0.392429
8419 -4.40665 -1 -0.400516
8420 -4.22332 -1 -0.438657
8421 -1.08852 -1 -0.75774
8422 -1.20035 -1 -0.768318
8423 -1.01532 -1 -0.807019
8424 -2.15746 -1 -0.574248
8425 -2.26926 -1 -0.582335
8426 -2.08594 -1 -0.620476
8427 -3.22615 -1 -0.392429
8428 -3.33796 -1 -0.400516
8429 -3.15463 -1 -0.438657
8430 -4.29485 -1 -0.210611
8431 -4.40665 -1 -0.218698
8432 -4.22332 -1 -0.256839
8433 -0.0198247 -1 -0.75774
8434 -0.13166 -1 -0.768318
8435 0.0533721 -1 -0.807019
8436 -1.08876 -1 -0.574248
8437 -1.20057 -1 -0.582335
8438 -1.01724 -1 -0.620476
8439 -2.15746 -1 -0.392429
8440 -2.26926 -1 -0.400516
8441 -2.08594 -1 -0.438657
8442 -3.22615 -1 -0.210611
8443 -3.33796 -1 -0.218698
8444 -3.15463 -1 -0.256839
8445 -4.29485 -1 -0.028793
8446 -4.40665 -1 -0.0368802
8447 -4.22332 -1 -0.0750208
8448 1.04887 -1 -0.75774
8449 0.937034 -1 -0.768318
8450 1.12207 -1 -0.807019
8451 -0.0200713 -1 -0.574248
8452 -0.131877 -1 -0.582335
8453 0.0514538 -1 -0.620476
8454 -1.08876 -1 -0.392429
8455 -1.20057 -1 -0.400516
8456 -1.01724 -1 -0.438657
8457 -2.15746 -1 -0.210611
8458 -2.26926 -1 -0.218698
8459 -2.08594 -1 -0.256839
8460 -3.22615 -1 -0.028793
8461 -3.33796 -1 -0.0368802
8462 -3.15463 -1 -0.0750208
8463 -4.29485 -1 0.153025
8464 -4.40665 -1 0.144938
8465 -4.22332 -1 0.106797
8466 2.11811 -1 -0.758408
8467 2.00465 -1 -0.768788
8468 2.19231 -1 -0.807113
8469 1.04895 -1 -0.574168
8470 0.93574 -1 -0.582805
8471 1.12151 -1 -0.619937
8472 -0.0197416 -1 -0.392349
8473 -0.132954 -1 -0.400986
8474 0.0528187 -1 -0.438118
8475 -1.08844 -1 -0.210531
8476 -1.20165 -1 -0.219168
8477 -1.01588 -1 -0.2563
8478 -2.15713 -1 -0.0287132
8479 -2.27034 -1 -0.0373502
8480 -2.08457 -1 -0.074482
8481 -3.22582 -1 0.153105
8482 -3.33904 -1 0.144468
8483 -3.15327 -1 0.107336
8484 -4.29452 -1 0.334923
8485 -4.40773 -1 0.326286
8486 -4.22196 -1 0.289154
8487 3.16411 -1 -0.730446
8488 3.26792 -1 -0.811747
8489 2.0908 -1 -0.546501
8490 1.02204 -1 -0.363555
8491 1.19515 -1 -0.505086
8492 -0.0466547 -1 -0.181737
8493 0.126457 -1 -0.323267
8494 -1.11535 -1 8.06926e-05
8495 -0.942237 -1 -0.141449
8496 -2.18404 -1 0.181899
8497 -2.01093 -1 0.0403688
8498 -3.25274 -1 0.363717
8499 -3.07963 -1 0.222187
8500 -4.32141 -1 0.545532
8501 -4.14832 -1 0.404005
8502 -5.73027 -1 0.691687
8503 -5.70943 -1 0.655356
8504 4.09412 -1 -0.840668
8505 3.9945 -1 -0.684341
8506 3.19625 -1 -0.52414
8507 2.91464 -1 -0.525355
8508 2.13232 -1 -0.344033
8509 1.84595 -1 -0.343537
8510 1.06363 -1 -0.162215
8511 0.777255 -1 -0.161719
8512 -0.00506946 -1 0.0196034
8513 -0.291439 -1 0.0200991
8514 -1.07376 -1 0.201421
8515 -1.36013 -1 0.201917
8516 -2.14246 -1 0.38324
8517 -2.42883 -1 0.383735
8518 -3.21115 -1 0.565058
8519 -3.49752 -1 0.565554
8520 -4.27577 -1 0.746772
8521 -4.55205 -1 0.745786
8522 -5.3197 -1 0.855071
8523 -5.73925 -1 0.853557
8524 4.35366 1 -0.825057
8525 3.19795 1 -0.87185
8526 3.38604 1 -0.870549
8527 2.12926 1 -0.87185
8528 2.31735 1 -0.870549
8529 1.06056 1 -0.87185
8530 1.24866 1 -0.870549
8531 -0.00813297 1 -0.87185
8532 0.17996 1 -0.870549
8533 -1.07683 1 -0.87185
8534 -0.888734 1 -0.870549
8535 -2.14552 1 -0.871849
8536 -1.95743 1 -0.870549
8537 -3.02386 1 -0.875151
8538 5.50144 1 -0.701036
8539 5.3874 1 -0.627147
8540 4.29326 1 -0.759452
8541 4.40315 1 -0.768093
8542 4.23043 1 -0.830615
8543 5.72578 1 -0.646097
8544 3.22591 1 -0.75774
8545 3.33774 1 -0.768318
8546 3.15271 1 -0.807019
8547 4.29485 1 -0.574248
8548 4.40665 1 -0.582336
8549 4.22331 1 -0.62048
8550 5.3627 1 -0.432686
8551 2.15721 1 -0.75774
8552 2.26905 1 -0.768318
8553 2.08402 1 -0.807019
8554 3.22615 1 -0.574248
8555 3.33796 1 -0.582335
8556 3.15463 1 -0.620476
8557 4.29485 1 -0.392429
8558 4.40665 1 -0.400516
8559 4.22332 1 -0.438657
8560 1.08852 1 -0.75774
8561 1.20035 1 -0.768318
8562 1.01532 1 -0.807019
8563 2.15746 1 -0.574248
8564 2.26926 1 -0.582335
8565 2.08594 1 -0.620476
8566 3.22615 1 -0.392429
8567 3.33796 1 -0.400516
8568 3.15463 1 -0.438657
8569 4.29485 1 -0.210611
8570 4.40665 1 -0.218698
8571 4.22332 1 -0.256839
8572 0.0198247 1 -0.75774
8573 0.13166 1 -0.768318
8574 -0.0533721 1 -0.807019
8575 1.08876 1 -0.574248
8576 1.20057 1 -0.582335
8577 1.01724 1 -0.620476
8578 2.15746 1 -0.392429
8579 2.26926 1 -0.400516
8580 2.08594 1 -0.438657
8581 3.22615 1 -0.210611
8582 3.33796 1 -0.218698
8583 3.15463 1 -0.256839
8584 4.29485 1 -0.028793
8585 4.40665 1 -0.0368802
8586 4.22332 1 -0.0750208
8587 -1.04887 1 -0.75774
8588 -0.937034 1 -0.768318
8589 -1.12207 1 -0.807019
8590 0.0200713 1 -0.574248
8591 0.131877 1 -0.582335
8592 -0.0514538 1 -0.620476
8593 1.08876 1 -0.392429
8594 1.20057 1 -0.400516
8595 1.01724 1 -0.438657
8596 2.15746 1 -0.210611
8597 2.26926 1 -0.218698
8598 2.08594 1 -0.256839
8599 3.22615 1 -0.028793
8600 3.33796 1 -0.0368802
8601 3.15463 1 -0.0750208
8602 4.29485 1 0.153025
8603 4.40665 1 0.144938
8604 4.22332 1 0.106797
8605 -2.11811 1 -0.758408
8606 -2.00465 1 -0.768788
8607 -2.19231 1 -0.807113
8608 -1.04895 1 -0.574168
8609 -0.93574 1 -0.582805
8610 -1.12151 1 -0.619937
8611 0.0197416 1 -0.392349
8612 0.132954 1 -0.400986
8613 -0.0528187 1 -0.438118
8614 1.08844 1 -0.210531
8615 1.20165 1 -0.219168
8616 1.01588 1 -0.2563
8617 2.15713 1 -0.0287132
8618 2.27034 1 -0.0373502
8619 2.08457 1 -0.074482
8620 3.22582 1 0.153105
8621 3.33904 1 0.144468
8622 3.15327 1 0.107336
8623 4.29452 1 0.334923
8624 4.40773 1 0.326286
8625 4.22196 1 0.289154
8626 -3.16411 1 -0.730446
8627 -3.26792 1 -0.811747
8628 -2.0908 1 -0.546501
8629 -1.02204 1 -0.363555
8630 -1.19515 1 -0.505086
8631 0.0466547 1 -0.181737
8632 -0.126457 1 -0.323267
8633 1.11535 1 8.06926e-05
8634 0.942237 1 -0.141449
8635 2.18404 1 0.181899
8636 2.01093 1 0.0403688
8637 3.25274 1 0.363717
8638 3.07963 1 0.222187
8639 4.32141 1 0.545532
8640 4.14832 1 0.404005
8641 5.72687 1 0.695013
8642 5.70943 1 0.655356
8643 -4.09412 1 -0.840668
8644 -3.9945 1 -0.684341
8645 -3.19625 1 -0.52414
8646 -2.91464 1 -0.525355
8647 -2.13232 1 -0.344033
8648 -1.84595 1 -0.343537
8649 -1.06363 1 -0.162215
8650 -0.777255 1 -0.161719
8651 0.00506946 1 0.0196034
8652 0.291439 1 0.0200991
8653 1.07376 1 0.201421
8654 1.36013 1 0.201917
8655 2.14246 1 0.38324
8656 2.42883 1 0.383735
8657 3.21193 1 0.566154
8658 3.4978 1 0.565547
8659 4.2818 1 0.756378
8660 4.55331 1 0.744374
8661 5.73845 1 0.85247
8662 -5.37687 1 -1
8663 -5.71084 1 -1
8664 5.37687 -1 -1
8665 5.71084 -1 -1
8666 -5.78277 1 -0.887975
8667 5.78277 -1 -0.886576
8668 -4.30817 1 -1
8669 -3.23948 1 -1
8670 -2.17078 1 -1
8671 -1.10209 1 -1
8672 -0.0333967 1 -1
8673 1.0353 1 -1
8674 2.10399 1 -1
8675 3.17269 1 -1
8676 4.94271 1 -1
8677 5.20988 1 -1
8678 5.47706 1 -1
8679 5.74423 1 -1
8680 -5.0763 -1 1
8681 -5.37687 -1 1
8682 -3.73814 -1 0.570942
8683 -2.66944 -1 0.389124
8684 -1.60075 -1 0.207306
8685 -0.532052 -1 0.0254881
8686 0.536642 -1 -0.15633
8687 1.60534 -1 -0.338148
8688 2.6771 -1 -0.514745
8689 3.74177 -1 -0.696064
8690 -4.54195 -1 1
8691 -3.21095 -1 0.806173
8692 -2.93891 -1 1
8693 -2.14234 -1 0.618869
8694 -1.84612 -1 0.798197
8695 -1.87021 -1 1
8696 -1.07364 -1 0.43705
8697 -0.777026 -1 0.804382
8698 -0.80152 -1 1
8699 -0.00494688 -1 0.255232
8700 0.291369 -1 0.798195
8701 0.267174 -1 1
8702 1.06375 -1 0.0734143
8703 1.36036 -1 0.804382
8704 1.33587 -1 1
8705 2.13244 -1 -0.108404
8706 2.42876 -1 0.798195
8707 2.40456 -1 1
8708 3.20114 -1 -0.290222
8709 3.49775 -1 0.804382
8710 3.47326 -1 1
8711 4.55251 -1 0.833077
8712 5.78599 -1 -0.763172
8713 5.78805 -1 -0.640422
8714 5.79874 -1 0.644818
8715 5.74423 -1 1
8716 5.47706 -1 1
8717 5.20988 -1 1
8718 4.94271 -1 1
8719 -4.94271 1 1
8720 -5.20988 1 1
8721 -5.47706 1 1
8722 -5.74423 1 1
8723 4.79839 1 0.90582
8724 3.73824 1 0.570872
8725 2.66944 1 0.389124
8726 1.60075 1 0.207306
8727 0.532052 1 0.0254881
8728 -0.536642 1 -0.15633
8729 -1.60534 1 -0.338148
8730 -2.6771 1 -0.514745
8731 -3.74177 1 -0.696064
8732 2.14598 1 0.625368
8733 1.80238 1 0.774701
8734 1.07364 1 0.43705
8735 0.733692 1 0.774711
8736 0.00494688 1 0.255232
8737 -0.335002 1 0.774711
8738 -1.06375 1 0.0734143
8739 -1.4037 1 0.774711
8740 -2.13244 1 -0.108404
8741 -2.47239 1 0.774711
8742 -3.20114 1 -0.290222
8743 -3.54109 1 0.774711
8744 -4.89298 1 0.819358
8745 -5.78585 1 -0.766848
8746 -5.77955 1 -0.665586
8747 -5.79874 1 0.644818
8748 -4.94271 -1 -1
8749 -5.20988 -1 -1
8750 -5.47706 -1 -1
8751 -5.74423 -1 -1
8752 -3.17269 -1 -1
8753 -2.10399 -1 -1
8754 -1.0353 -1 -1
8755 0.0333967 -1 -1
8756 1.10209 -1 -1
8757 2.17078 -1 -1
8758 3.23948 -1 -1
8759 4.30817 -1 -1
8760 -4.99486 -1 -0.897237
8761 -5.30219 -1 -0.566335
8762 -4.04204 -1 -0.694743
8763 -5.06926 -1 -0.49548
8764 -5.30658 -1 -0.475986
8765 -2.97337 -1 -0.694736
8766 -4.04357 -1 -0.509992
8767 -1.90468 -1 -0.694736
8768 -2.97487 -1 -0.509992
8769 -4.04357 -1 -0.328174
8770 -0.835986 -1 -0.694736
8771 -1.90618 -1 -0.509992
8772 -2.97487 -1 -0.328174
8773 -4.04357 -1 -0.146356
8774 0.232709 -1 -0.694736
8775 -0.837486 -1 -0.509992
8776 -1.90618 -1 -0.328174
8777 -2.97487 -1 -0.146356
8778 -4.04357 -1 0.0354621
8779 1.30267 -1 -0.692223
8780 0.232844 -1 -0.507535
8781 -0.83585 -1 -0.325716
8782 -1.90454 -1 -0.143898
8783 -2.97324 -1 0.0379197
8784 -4.04193 -1 0.219738
8785 4.99486 1 -0.897237
8786 5.30219 1 -0.566335
8787 4.04204 1 -0.694743
8788 5.06926 1 -0.49548
8789 5.30658 1 -0.475986
8790 2.97337 1 -0.694736
8791 4.04357 1 -0.509992
8792 1.90468 1 -0.694736
8793 2.97487 1 -0.509992
8794 4.04357 1 -0.328174
8795 0.835986 1 -0.694736
8796 1.90618 1 -0.509992
8797 2.97487 1 -0.328174
8798 4.04357 1 -0.146356
8799 -0.232709 1 -0.694736
8800 0.837486 1 -0.509992
8801 1.90618 1 -0.328174
8802 2.97487 1 -0.146356
8803 4.04357 1 0.0354621
8804 -1.30267 1 -0.692223
8805 -0.232844 1 -0.507535
8806 0.83585 1 -0.325716
8807 1.90454 1 -0.143898
8808 2.97324 1 0.0379197
8809 4.04193 1 0.219738
8810 5.02804 1 0.682387
8811 5.15623 1 0.758915
